name,id,recclass,mass (g),year,reclat,reclong,GeoLocation
Aachen,1,L5,21,1880,50.775,6.08333,"(50.775, 6.08333)"
Aarhus,2,H6,720,1951,56.18333,10.23333,"(56.18333, 10.23333)"
Abee,6,EH4,107000,1952,54.21667,-113,"(54.21667, -113.0)"
Acapulco,10,Acapulcoite,1914,1976,16.88333,-99.9,"(16.88333, -99.9)"
Achiras,370,L6,780,1902,-33.16667,-64.95,"(-33.16667, -64.95)"
Adhi Kot,379,EH4,4239,1919,32.1,71.8,"(32.1, 71.8)"
Adzhi-Bogdo (stone),390,LL3-6,910,1949,44.83333,95.16667,"(44.83333, 95.16667)"
Agen,392,H5,30000,1814,44.21667,0.61667,"(44.21667, 0.61667)"
Aguada,398,L6,1620,1930,-31.6,-65.23333,"(-31.6, -65.23333)"
Aguila Blanca,417,L,1440,1920,-30.86667,-64.55,"(-30.86667, -64.55)"
Aioun el Atrouss,423,Diogenite-pm,1000,1974,16.39806,-9.57028,"(16.39806, -9.57028)"
Aïr,424,L6,24000,1925,19.08333,8.38333,"(19.08333, 8.38333)"
Aire-sur-la-Lys,425,Unknown,,1769,50.66667,2.33333,"(50.66667, 2.33333)"
Akaba,426,L6,779,1949,29.51667,35.05,"(29.51667, 35.05)"
Akbarpur,427,H4,1800,1838,29.71667,77.95,"(29.71667, 77.95)"
Akwanga,432,H,3000,1959,8.91667,8.43333,"(8.91667, 8.43333)"
Akyumak,433,"Iron, IVA",50000,1981,39.91667,42.81667,"(39.91667, 42.81667)"
Al Rais,446,CR2-an,160,1957,24.41667,39.51667,"(24.41667, 39.51667)"
Al Zarnkh,447,LL5,700,2001,13.66033,28.96,"(13.66033, 28.96)"
Alais,448,CI1,6000,1806,44.11667,4.08333,"(44.11667, 4.08333)"
Albareto,453,L/LL4,2000,1766,44.65,11.01667,"(44.65, 11.01667)"
Alberta,454,L,625,1949,2,22.66667,"(2.0, 22.66667)"
Alby sur Chéran,458,Eucrite-mmict,252,2002,45.82133,6.01533,"(45.82133, 6.01533)"
Aldsworth,461,LL5,700,1835,51.78333,-1.78333,"(51.78333, -1.78333)"
Aleppo,462,L6,3200,1873,36.23333,37.13333,"(36.23333, 37.13333)"
Alessandria,463,H5,908,1860,44.88333,8.75,"(44.88333, 8.75)"
Alexandrovsky,465,H4,9251,1900,50.95,31.81667,"(50.95, 31.81667)"
Alfianello,466,L6,228000,1883,45.26667,10.15,"(45.26667, 10.15)"
Allegan,2276,H5,32000,1899,42.53333,-85.88333,"(42.53333, -85.88333)"
Allende,2278,CV3,2000000,1969,26.96667,-105.31667,"(26.96667, -105.31667)"
Almahata Sitta,48915,Ureilite-an,3950,2008,20.74575,32.41275,"(20.74575, 32.41275)"
Alta'ameem,2284,LL5,6000,1977,35.27333,44.21556,"(35.27333, 44.21556)"
Ambapur Nagla,2290,H5,6400,1895,27.66667,78.25,"(27.66667, 78.25)"
Andhara,2294,Stone-uncl,2700,1880,26.58333,85.56667,"(26.58333, 85.56667)"
Andover,2295,L6,3200,1898,44.61667,-70.75,"(44.61667, -70.75)"
Andreevka,2296,L3,600,1969,48.7,37.5,"(48.7, 37.5)"
Andura,2298,H6,17900,1939,20.88333,76.86667,"(20.88333, 76.86667)"
Northwest Africa 5815,50693,L5,256.8,,0,0,"(0.0, 0.0)"
Angers,2301,L6,,1822,47.46667,-0.55,"(47.46667, -0.55)"
Angra dos Reis (stone),2302,Angrite,1500,1869,-22.96667,-44.31667,"(-22.96667, -44.31667)"
Ankober,2304,H4,6500,1942,9.53333,39.71667,"(9.53333, 39.71667)"
Anlong,2305,H5,2500,1971,25.15,105.18333,"(25.15, 105.18333)"
Aomori,2313,L6,320,1984,40.81056,140.78556,"(40.81056, 140.78556)"
Appley Bridge,2318,LL6,15000,1914,53.58333,-2.71667,"(53.58333, -2.71667)"
Apt,2320,L6,3200,1803,43.86667,5.38333,"(43.86667, 5.38333)"
Arbol Solo,2325,H5,810,1954,-33,-66,"(-33.0, -66.0)"
Archie,2329,H6,5070,1932,38.5,-94.3,"(38.5, -94.3)"
Arroyo Aguiar,2340,H5,7450,1950,-31.41667,-60.66667,"(-31.41667, -60.66667)"
Asco,2345,H6,41,1805,42.45,9.03333,"(42.45, 9.03333)"
Ash Creek,48954,L6,9500,2009,31.805,-97.01,"(31.805, -97.01)"
Ashdon,2346,L6,1300,1923,52.05,0.3,"(52.05, 0.3)"
Assisi,2353,H5,2000,1886,43.03333,12.55,"(43.03333, 12.55)"
Atarra,4883,L4,1280,1920,25.25417,80.625,"(25.25417, 80.625)"
Atemajac,4884,L6,94.2,1896,20.06667,-103.66667,"(20.06667, -103.66667)"
Athens,4885,LL6,265,1933,34.75,-87,"(34.75, -87.0)"
Atoka,4888,L6,1384.2,1945,34.31667,-96.15,"(34.31667, -96.15)"
Aubres,4893,Aubrite,800,1836,44.38333,5.16667,"(44.38333, 5.16667)"
Aumale,4899,L6,50000,1865,36.16667,3.66667,"(36.16667, 3.66667)"
Aumieres,4900,L6,2000,1842,44.33333,3.23333,"(44.33333, 3.23333)"
Ausson,4903,L5,50000,1858,43.08333,0.58333,"(43.08333, 0.58333)"
Avanhandava,4905,H4,9330,1952,-21.46028,-49.95083,"(-21.46028, -49.95083)"
Avce,4906,"Iron, IIAB",1230,1908,46,13.5,"(46.0, 13.5)"
Avilez,4907,H,146,1855,25,-103.5,"(25.0, -103.5)"
Awere,4910,L4,134,1968,2.71667,32.83333,"(2.71667, 32.83333)"
Aztec,4913,L6,2830,1938,36.8,-108,"(36.8, -108.0)"
Bachmut,4917,L6,18000,1814,48.6,38,"(48.6, 38.0)"
Bahjoi,4922,"Iron, IAB-sLL",10322,1934,28.48333,78.5,"(28.48333, 78.5)"
Bald Mountain,4925,L4,3700,1929,35.96667,-82.48333,"(35.96667, -82.48333)"
Baldwyn,4926,L6,345,1922,34.5,-88.66667,"(34.5, -88.66667)"
Bali,4928,CV3,1000,1907,5.38333,16.38333,"(5.38333, 16.38333)"
Ban Rong Du,4934,"Iron, ungrouped",16700,1993,16.66667,101.18333,"(16.66667, 101.18333)"
Bandong,4935,LL6,11500,1871,-6.91667,107.6,"(-6.91667, 107.6)"
Bansur,4936,L6,15000,1892,27.7,76.33333,"(27.7, 76.33333)"
Banswal,4937,L5,14,1913,30.4,78.2,"(30.4, 78.2)"
Banten,4938,CM2,629,1933,-6.33333,106,"(-6.33333, 106.0)"
Barbotan,4942,H5,6400,1790,43.95,-0.05,"(43.95, -0.05)"
Barcelona (stone),4944,OC,,1704,41.36667,2.16667,"(41.36667, 2.16667)"
Barea,4946,Mesosiderite-A1,3200,1842,42.38333,-2.5,"(42.38333, -2.5)"
Barnaul,4947,H5,23.2,1904,52.73333,84.08333,"(52.73333, 84.08333)"
Barntrup,4948,LL4,17,1886,52,9.1,"(52.0, 9.1)"
Baroti,4949,L6,4500,1910,31.61667,76.8,"(31.61667, 76.8)"
Barwell,4954,L5,44000,1965,52.56528,-1.33972,"(52.56528, -1.33972)"
Bassikounou,44876,H5,29560,2006,15.78333,-5.9,"(15.78333, -5.9)"
Baszkówka,4957,L5,15500,1994,52.03333,20.93583,"(52.03333, 20.93583)"
Bath,4974,H4,21000,1892,45.41667,-98.31667,"(45.41667, -98.31667)"
Bath Furnace,4975,L6,86000,1902,38.25,-83.75,"(38.25, -83.75)"
Battle Mountain,56133,L6,2900,2012,40.66813,-117.18913,"(40.66813, -117.18913)"
Bawku,4976,LL5,1557,1989,11.08333,-0.18333,"(11.08333, -0.18333)"
Baxter,4977,L6,611,1916,36.75,-93.5,"(36.75, -93.5)"
Beardsley,4984,H5,16000,1929,39.8,-101.2,"(39.8, -101.2)"
Beaver Creek,4986,H5,14000,1893,51.16667,-117.33333,"(51.16667, -117.33333)"
Beddgelert,4993,H5,794,1949,53.01667,-4.1,"(53.01667, -4.1)"
Bells,5005,C2-ung,375,1961,33.6,-96.46667,"(33.6, -96.46667)"
Belville,5009,OC,,1937,-32.33333,-64.86667,"(-32.33333, -64.86667)"
Benares (a),5011,LL4,3700,1798,25.36667,82.91667,"(25.36667, 82.91667)"
Benguerir,30443,LL6,25000,2004,32.25,-8.15,"(32.25, -8.15)"
Beni M'hira,5018,L6,19000,2001,32.86667,10.8,"(32.86667, 10.8)"
Benld,5021,H6,1770.5,1938,39.08333,-89.15,"(39.08333, -89.15)"
Benoni,5023,H6,3880,1943,-26.16667,28.41667,"(-26.16667, 28.41667)"
Bensour,5024,LL6,45000,2002,30,-7,"(30.0, -7.0)"
Benton,5026,LL6,2840,1949,45.95,-67.55,"(45.95, -67.55)"
Berduc,48975,L6,270,2008,-31.91,-58.32833,"(-31.91, -58.32833)"
Béréba,5028,Eucrite-mmict,18000,1924,11.65,-3.65,"(11.65, -3.65)"
Berlanguillas,5029,L6,1440,1811,41.68333,-3.8,"(41.68333, -3.8)"
Berthoud,47355,Eucrite-mmict,960,2004,40.30583,-105.02325,"(40.30583, -105.02325)"
Bethlehem,5032,H,13.9,1859,42.53333,-73.83333,"(42.53333, -73.83333)"
Beuste,5034,L5,2000,1859,43.21667,-0.23333,"(43.21667, -0.23333)"
Beyrout,5035,LL3.8,1100,1921,33.88333,35.5,"(33.88333, 35.5)"
Bhagur,5037,L6,18,1877,20.88333,74.83333,"(20.88333, 74.83333)"
Bhawad,36591,LL6,678,2002,26.50833,73.11528,"(26.50833, 73.11528)"
Bherai,5039,L6,100,1893,20.83333,71.46667,"(20.83333, 71.46667)"
Bhola,5040,LL3-6,1047,1940,22.68333,90.65,"(22.68333, 90.65)"
Bholghati,5041,Howardite,2500,1905,22.08333,86.9,"(22.08333, 86.9)"
Bialystok,5042,Eucrite-pmict,4000,1827,53.1,23.2,"(53.1, 23.2)"
Bielokrynitschie,5043,H4,1900,1887,50.13333,27.16667,"(50.13333, 27.16667)"
Bilanga,5045,Diogenite,25000,1999,12.45,-0.08333,"(12.45, -0.08333)"
Binningup,5051,H5,488.1,1984,-33.15639,115.67639,"(-33.15639, 115.67639)"
Birni N'konni,5056,H4,560,1923,13.76667,5.3,"(13.76667, 5.3)"
Bishopville,5059,Aubrite,6000,1843,34.16667,-80.28333,"(34.16667, -80.28333)"
Bishunpur,5060,LL3.15,1039,1895,25.38333,82.6,"(25.38333, 82.6)"
Bjelaja Zerkov,5063,H6,1850,1796,49.78333,30.16667,"(49.78333, 30.16667)"
Bjurböle,5064,L/LL4,330000,1899,60.4,25.8,"(60.4, 25.8)"
Black Moshannan Park,5065,L5,705,1941,40.91667,-78.08333,"(40.91667, -78.08333)"
Blackwell,5068,L5,2381,1906,36.83333,-97.33333,"(36.83333, -97.33333)"
Blanket,5071,L6,5100,1909,31.83333,-98.83333,"(31.83333, -98.83333)"
Blansko,5072,H6,470,1833,49.36667,16.63333,"(49.36667, 16.63333)"
Bloomington,5076,LL6,67.8,1938,40.48,-89.00417,"(40.48, -89.00417)"
Bo Xian,5090,LL3.9,7500,1977,33.83333,115.83333,"(33.83333, 115.83333)"
Bocas,5093,L6,56,1804,23,-102,"(23.0, -102.0)"
Bogou,5097,"Iron, IAB-MG",8800,1962,12.5,0.7,"(12.5, 0.7)"
Boguslavka,5098,"Iron, IIAB",256000,1916,44.55,131.63333,"(44.55, 131.63333)"
Borgo San Donino,5110,LL6,1676,1808,44.86667,10.05,"(44.86667, 10.05)"
Bori,5111,L6,8600,1894,21.95,78.03333,"(21.95, 78.03333)"
Boriskino,5112,CM2,1342,1930,54.23333,52.48333,"(54.23333, 52.48333)"
Borkut,5113,L5,7000,1852,48.15,24.28333,"(48.15, 24.28333)"
Borodino,5114,H5,500,1812,55.46667,35.86667,"(55.46667, 35.86667)"
Botschetschki,5117,L4,614,1823,51.33333,33.88333,"(51.33333, 33.88333)"
Boumdeid (2003),57168,L6,190,2003,17.71067,-11.3715,"(17.71067, -11.3715)"
Boumdeid (2011),57167,L6,3599,2011,17.17493,-11.34133,"(17.17493, -11.34133)"
Bovedy,5121,L3,5460,1969,54.56667,-6.33333,"(54.56667, -6.33333)"
Bradford Woods,5128,L,762,1886,40.5,-80.08333,"(40.5, -80.08333)"
Braunau,5133,"Iron, IIAB",39000,1847,50.6,16.3,"(50.6, 16.3)"
Breitscheid,5134,H5,1500,1956,50.66694,8.18361,"(50.66694, 8.18361)"
Bremervörde,5135,H/L3.9,7250,1855,53.4,9.1,"(53.4, 9.1)"
Brient,5140,Eucrite-pmict,219,1933,52.13333,59.31667,"(52.13333, 59.31667)"
Bruderheim,5156,L6,303000,1960,53.9,-112.88333,"(53.9, -112.88333)"
Bukhara,30448,CV3,5300,2001,39.77978,64.60035,"(39.77978, 64.60035)"
Bulls Run,5163,Iron?,2250,1964,,,
Bunburra Rockhole,48653,Eucrite,324,2007,-31.35,129.19,"(-31.35, 129.19)"
Bununu,5165,Howardite,357,1942,10.01667,9.58333,"(10.01667, 9.58333)"
Bur-Gheluai,5169,H5,120000,1919,5,48,"(5.0, 48.0)"
Burnwell,5175,H4-an,1504,1990,37.62194,-82.23722,"(37.62194, -82.23722)"
Bursa,5177,L6,25000,1946,40.2,29.23333,"(40.2, 29.23333)"
Buschhof,5178,L6,5000,1863,46.45,25.78333,"(46.45, 25.78333)"
Bustee,5181,Aubrite,1500,1852,26.78333,82.83333,"(26.78333, 82.83333)"
Butsura,5183,H6,29000,1861,27.08333,84.08333,"(27.08333, 84.08333)"
Buzzard Coulee,48654,H4,41000,2008,52.996,-109.84817,"(52.996, -109.84817)"
Cabezo de Mayo,5185,L/LL6,25000,1870,37.98333,-1.16667,"(37.98333, -1.16667)"
Cabin Creek,5186,"Iron, IIIAB",48500,1886,35.5,-93.5,"(35.5, -93.5)"
Cacak,5187,OC,212,1919,43.83889,20.33333,"(43.83889, 20.33333)"
Cali,45976,H/L4,478,2007,3.405,-76.51,"(3.405, -76.51)"
Calivo,5200,Stone-uncl,2400,1916,11.75,122.33333,"(11.75, 122.33333)"
Campos Sales,5249,L5,23680,1991,-7.03333,-40.16667,"(-7.03333, -40.16667)"
Çanakkale,5250,L6,4000,1964,39.8,26.6,"(39.8, 26.6)"
Cañellas,5251,H4,945,1861,41.25,1.66667,"(41.25, 1.66667)"
Cangas de Onis,5252,H5,34000,1866,43.38333,-5.15,"(43.38333, -5.15)"
Canon City,5253,H6,1400,1973,38.47028,-105.24139,"(38.47028, -105.24139)"
Cape Girardeau,5260,H6,2300,1846,37.26667,-89.58333,"(37.26667, -89.58333)"
Capilla del Monte,5264,H6,750,1934,-30.88333,-64.55,"(-30.88333, -64.55)"
Carancas,45817,H4-5,342,2007,-16.66444,-69.04389,"(-16.66444, -69.04389)"
Caratash,5265,LL6,8,1902,38.5,27,"(38.5, 27.0)"
Castalia,5291,H5,7300,1874,36.08333,-78.06667,"(36.08333, -78.06667)"
Castel Berardenga,5292,Stone-uncl,,1791,43.35,11.5,"(43.35, 11.5)"
Castine,5293,L6,94,1848,44.38333,-68.75,"(44.38333, -68.75)"
Castrovillari,5295,Stone-uncl,15000,1583,39.8,16.2,"(39.8, 16.2)"
Caswell County,5296,OC,1360,1810,36.5,-79.25,"(36.5, -79.25)"
Ceniceros,5306,L3.7,1025,1988,26.46667,-105.23333,"(26.46667, -105.23333)"
Centerville,5307,H5,45.6,1956,43.2,-96.91667,"(43.2, -96.91667)"
Cereseto,5308,H5,6460,1840,45.08333,8.3,"(45.08333, 8.3)"
Chadong,5313,L6,3700,1998,28.53333,109.31667,"(28.53333, 109.31667)"
Chail,5314,H6,0.5,1814,25.36667,81.66667,"(25.36667, 81.66667)"
Chainpur,5315,LL3.4,8200,1907,25.85,83.48333,"(25.85, 83.48333)"
Chajari,5316,L5,18300,1933,-30.78333,-58.05,"(-30.78333, -58.05)"
Chandakapur,5320,L5,8800,1838,20.26667,76.01667,"(20.26667, 76.01667)"
Chandpur,5321,L6,1100,1885,27.28333,79.05,"(27.28333, 79.05)"
Changde,5322,H5,1810,1977,29.08333,111.75,"(29.08333, 111.75)"
Chantonnay,5325,L6,31500,1812,46.68333,1.05,"(46.68333, 1.05)"
Charlotte,5328,"Iron, IVA",4300,1835,36.16667,-87.33333,"(36.16667, -87.33333)"
Charsonville,5329,H6,27000,1810,47.93333,1.56667,"(47.93333, 1.56667)"
Charwallas,5330,H6,12000,1834,29.48333,75.5,"(29.48333, 75.5)"
Chassigny,5331,Martian (chassignite),4000,1815,47.71667,5.36667,"(47.71667, 5.36667)"
Château-Renard,5332,L6,30000,1841,47.93333,2.91667,"(47.93333, 2.91667)"
Chaves,5334,Howardite,2945,1925,41.93333,-7.46667,"(41.93333, -7.46667)"
Chela,5338,H4,2936,1988,-3.66667,32.5,"(-3.66667, 32.5)"
Chelyabinsk,57165,LL5,100000,2013,54.81667,61.11667,"(54.81667, 61.11667)"
Chergach ,47347,H5,100000,2007,23.69639,-5.01472,"(23.69639, -5.01472)"
Chernyi Bor,5339,H4,6000,1964,53.7,30.1,"(53.7, 30.1)"
Cherokee Springs,5340,LL6,8400,1933,35.03333,-81.88333,"(35.03333, -81.88333)"
Chervettaz,5341,L5,705,1901,46.55,6.81667,"(46.55, 6.81667)"
Chervony Kut,5342,Eucrite-mmict,1700,1939,50.83333,34,"(50.83333, 34.0)"
Chetrinahatti,5344,Stone-uncl,72,1880,14.5,76.5,"(14.5, 76.5)"
Chiang Khan,5345,H6,367,1981,17.9,101.63333,"(17.9, 101.63333)"
Chicora,5349,LL6,303,1938,40.93333,-79.73333,"(40.93333, -79.73333)"
Chisenga,5355,"Iron, IIIAB",3920,1988,-10.05944,33.395,"(-10.05944, 33.395)"
Chitado,5356,L6,,1966,-17.35,13.96667,"(-17.35, 13.96667)"
Chitenay,5357,L6,4000,1978,47.47083,0.97667,"(47.47083, 0.97667)"
Cilimus,5364,L5,1600,1979,-6.95,108.1,"(-6.95, 108.1)"
Claxton,5374,L6,1455,1984,32.1025,-81.87278,"(32.1025, -81.87278)"
Clohars,5383,L4,48.6,1822,,,
Colby (Wisconsin),5395,L6,104000,1917,44.9,-90.28333,"(44.9, -90.28333)"
Cold Bokkeveld,5397,CM2,5200,1838,-33.13333,19.38333,"(-33.13333, 19.38333)"
Coleman,5401,L6,469,1994,43.76111,-84.50778,"(43.76111, -84.50778)"
Collescipoli,5403,H5,5000,1890,42.53333,12.61667,"(42.53333, 12.61667)"
Conquista,5418,H4,20350,1965,-19.85,-47.55,"(-19.85, -47.55)"
Cosina,5451,H5,1200,1844,21.16667,-100.86667,"(21.16667, -100.86667)"
Cranganore,5465,L6,1460,1917,10.2,76.26667,"(10.2, 76.26667)"
Crescent,5470,CM2,78.4,1936,35.95,-97.58333,"(35.95, -97.58333)"
Cronstad,5474,H5,3650,1877,-27.7,27.3,"(-27.7, 27.3)"
Cross Roads,5476,H5,167,1892,35.63333,-78.13333,"(35.63333, -78.13333)"
Crumlin,5477,L5,4255,1902,54.61667,-6.21667,"(54.61667, -6.21667)"
Cumberland Falls,5496,Aubrite,17000,1919,36.83333,-84.35,"(36.83333, -84.35)"
Cynthiana,5500,L/LL4,6000,1877,38.4,-84.25,"(38.4, -84.25)"
Dahmani,5504,LL6,18000,1981,35.61667,8.83333,"(35.61667, 8.83333)"
Dandapur,5511,L6,5650,1878,26.91667,83.96667,"(26.91667, 83.96667)"
Daniel's Kuil,5513,EL6,1064,1868,-28.2,24.56667,"(-28.2, 24.56667)"
Danville,5514,L6,2000,1868,34.4,-87.06667,"(34.4, -87.06667)"
Darmstadt,6603,H5,100,1804,49.86667,8.65,"(49.86667, 8.65)"
Dashoguz,6604,H5,7000,1998,41.98444,59.685,"(41.98444, 59.685)"
Daule,51559,L5,6580,2008,-1.87089,-79.95756,"(-1.87089, -79.95756)"
De Cewsville,6621,H6,340,1887,43,-80,"(43.0, -80.0)"
Deal,6634,L6,28,1829,40.25,-74,"(40.25, -74.0)"
Delhi,6642,L5,0.8,1897,28.56667,77.25,"(28.56667, 77.25)"
Demina,6649,L6,16400,1911,51.46667,84.76667,"(51.46667, 84.76667)"
Denver,6660,L6,230,1967,39.7825,-104.93056,"(39.7825, -104.93056)"
Dergaon,6664,H5,12500,2001,26.68333,93.86667,"(26.68333, 93.86667)"
Desuri,6693,H6,25400,1962,25.73333,73.61667,"(25.73333, 73.61667)"
Devgaon,6694,H3.8,12000,2001,19,81,"(19.0, 81.0)"
Devri-Khera,6696,L6,1140,1994,24.225,76.525,"(24.225, 76.525)"
Dhajala,6698,H3.8,45000,1976,22.37778,71.42722,"(22.37778, 71.42722)"
Dharwar,6699,OC,1800,1848,14.88333,75.6,"(14.88333, 75.6)"
Dhurmsala,7640,LL6,32000,1860,32.23333,76.46667,"(32.23333, 76.46667)"
Didim,47350,H3-5,3396,2007,37.35172,27.32997,"(37.35172, 27.32997)"
Diep River,7642,L6,1000,1906,-33.75,18.56667,"(-33.75, 18.56667)"
Distrito Quebracho,7649,H4,400,1957,-31.88333,-60.46667,"(-31.88333, -60.46667)"
Djati-Pengilon,7652,H6,166000,1884,-7.5,111.5,"(-7.5, 111.5)"
Djermaia,7656,H,3950,1961,12.73333,15.05,"(12.73333, 15.05)"
Djoumine,7657,H5-6,10000,1999,36.95,9.55,"(36.95, 9.55)"
Dokachi,7658,H5,3840,1903,23.5,90.33333,"(23.5, 90.33333)"
Dolgovoli,7659,L6,1600,1864,50.75,25.3,"(50.75, 25.3)"
Domanitch,7661,L5,438,1907,40,29,"(40.0, 29.0)"
Dong Ujimqin Qi,7706,Mesosiderite,128800,1995,45.5,119.03333,"(45.5, 119.03333)"
Donga Kohrod,7707,H6,230,1899,21.86667,82.45,"(21.86667, 82.45)"
Dongtai,7708,LL6,5500,1970,32.91667,120.78333,"(32.91667, 120.78333)"
Doroninsk,7718,H5-7,3891,1805,51.2,112.3,"(51.2, 112.3)"
Dosso,7722,L6,1250,1962,13.05,3.16667,"(13.05, 3.16667)"
Douar Mghila,7723,LL6,1161,1932,32.33333,-6.3,"(32.33333, -6.3)"
Dowa,7725,Stone-uncl,642,1976,-13.66667,33.91667,"(-13.66667, 33.91667)"
Drake Creek,7728,L6,5000,1827,36.4,-86.5,"(36.4, -86.5)"
Dresden (Ontario),7731,H6,47700,1939,42.52,-82.26,"(42.52, -82.26)"
Dubrovnik,7736,L3-6,1900,1951,42.45833,18.44167,"(42.45833, 18.44167)"
Dunbogan,7743,L6,30,1999,-31.66667,152.83333,"(-31.66667, 152.83333)"
Dundrum,7745,H5,2270,1865,52.55,-8.03333,"(52.55, -8.03333)"
Dunhua,7749,Stone-uncl,,1976,43.33333,128.25,"(43.33333, 128.25)"
Durala,7750,L6,13200,1815,30.3,76.63333,"(30.3, 76.63333)"
Duruma,7752,L6,577,1853,-4,39.5,"(-4.0, 39.5)"
Duwun,7754,L6,2117,1943,33.43333,127.26667,"(33.43333, 127.26667)"
Dwaleni,7755,H4-6,3230,1970,-27.2,31.31667,"(-27.2, 31.31667)"
Dyalpur,7757,Ureilite,300,1872,26.25,82,"(26.25, 82.0)"
Dyarrl Island,7758,Mesosiderite-A1,188,1933,-3,151,"(-3.0, 151.0)"
Eagle,7760,EL6,10000,1947,40.78167,-96.47167,"(40.78167, -96.47167)"
Ehole,7774,H5,2400,1961,-17.3,15.83333,"(-17.3, 15.83333)"
Eichstädt,7775,H5,3000,1785,48.9,11.21667,"(48.9, 11.21667)"
Ekeby,7776,H4,3336,1939,56.03333,13,"(56.03333, 13.0)"
Ekh Khera,7777,H6,840,1916,28.26667,78.78333,"(28.26667, 78.78333)"
El Idrissia,7807,L6,10000,1989,34.41667,3.25,"(34.41667, 3.25)"
El Paso de Aguila,45977,H5,17226,1977,25.37,-97.37,"(25.37, -97.37)"
El Tigre,7819,L6,5000,1993,19.96722,-103.05167,"(19.96722, -103.05167)"
Elbert,7822,LL6,680.5,1998,39.24667,-104.58817,"(39.24667, -104.58817)"
Elbogen,7823,"Iron, IID",107000,1399,50.18333,12.73333,"(50.18333, 12.73333)"
Elenovka,7824,L5,54640,1951,47.83333,37.66667,"(47.83333, 37.66667)"
Ellemeet,10019,Diogenite,1470,1925,51.75,4,"(51.75, 4.0)"
Emmaville,10033,Eucrite-mmict,127,1900,-29.46667,151.61667,"(-29.46667, 151.61667)"
Enshi,10038,H5,8000,1974,30.3,109.5,"(30.3, 109.5)"
Ensisheim,10039,LL6,127000,1491,47.86667,7.35,"(47.86667, 7.35)"
Épinal,10041,H5,277,1822,48.18333,6.46667,"(48.18333, 6.46667)"
Erakot,10042,CM2,113,1940,19.03333,81.89167,"(19.03333, 81.89167)"
Erevan,10043,Howardite,107.2,1911,40.3,44.5,"(40.3, 44.5)"
Ergheo,10044,L5,20000,1889,1.16667,44.16667,"(1.16667, 44.16667)"
Erxleben,10049,H6,2250,1812,52.21667,11.25,"(52.21667, 11.25)"
Esnandes,10051,L6,1500,1837,46.25,-1.1,"(46.25, -1.1)"
Essebi,10055,C2-ung,500,1957,2.88333,30.83333,"(2.88333, 30.83333)"
Estherville,10059,Mesosiderite-A3/4,320000,1879,43.41667,-94.83333,"(43.41667, -94.83333)"
Farmington,10074,L5,89400,1890,39.75,-97.03333,"(39.75, -97.03333)"
Farmville,10075,H4,56000,1934,35.55,-77.53333,"(35.55, -77.53333)"
Favars,10078,H5,1500,1844,44.38333,2.81667,"(44.38333, 2.81667)"
Fayetteville,10079,H4,2360,1934,36.05,-94.16667,"(36.05, -94.16667)"
Feid Chair,10080,H4,380,1875,36.88333,8.45,"(36.88333, 8.45)"
Felix,10081,CO3.3,3200,1900,32.53333,-87.16667,"(32.53333, -87.16667)"
Fenghsien-Ku,10086,H5,82,1924,34.6,116.75,"(34.6, 116.75)"
Ferguson,10088,OC,220,1889,36.1,-81.41667,"(36.1, -81.41667)"
Fermo,10091,H3-5,10200,1996,43.18111,13.75333,"(43.18111, 13.75333)"
Fisher,10107,L6,17600,1894,47.81667,-96.85,"(47.81667, -96.85)"
Florence,10111,H3,3640,1922,30.83333,-97.76667,"(30.83333, -97.76667)"
Forest City,10119,H5,152000,1890,43.25,-93.66667,"(43.25, -93.66667)"
Forest Vale,10120,H4,26000,1942,-33.35,146.85833,"(-33.35, 146.85833)"
Forksville,10123,L6,6067,1924,36.78333,-78.08333,"(36.78333, -78.08333)"
Forsbach,10163,H6,240,1900,50.95,7.31667,"(50.95, 7.31667)"
Forsyth,10164,L6,16300,1829,33.01667,-83.96667,"(33.01667, -83.96667)"
Fort Flatters,10166,Stone-uncl,,1944,28.25,7,"(28.25, 7.0)"
Frankfort (stone),10177,Howardite,650,1868,34.48333,-87.83333,"(34.48333, -87.83333)"
Fuhe,52412,L5,23000,1945,31.47556,113.56694,"(31.47556, 113.56694)"
Fukutomi,10836,L5,11620,1882,33.18333,130.2,"(33.18333, 130.2)"
Fünen,10838,Stone-uncl,,1654,55.33333,10.33333,"(55.33333, 10.33333)"
Futtehpur,10839,L6,4000,1822,25.95,80.81667,"(25.95, 80.81667)"
Fuyang,10840,Stone-uncl,2500,1977,32.9,115.9,"(32.9, 115.9)"
Galapian,10846,H6,132.7,1826,44.3,0.4,"(44.3, 0.4)"
Galim (a),10848,LL6,36.1,1952,7.05,12.43333,"(7.05, 12.43333)"
Galim (b),10849,EH3/4-an,28,1952,7.05,12.43333,"(7.05, 12.43333)"
Galkiv,10850,H4,5000,1995,51.68333,30.78333,"(51.68333, 30.78333)"
Gambat,10851,L6,6400,1897,27.35,68.53333,"(27.35, 68.53333)"
Gao-Guenie,10854,H5,,1960,11.65,-2.18333,"(11.65, -2.18333)"
Garhi Yasin,10860,"Iron, IIE",380,1917,27.88333,68.53333,"(27.88333, 68.53333)"
Garland,10861,Diogenite-pm,102,1950,41.68333,-112.13333,"(41.68333, -112.13333)"
Gashua,44882,L6,4162,1984,12.85,11.03333,"(12.85, 11.03333)"
Gasseltepaoua,10866,H5,,2000,14.15083,-2.04167,"(14.15083, -2.04167)"
Geidam,10870,H5,725,1950,12.91667,11.91667,"(12.91667, 11.91667)"
Gifu,10914,L6,14290,1909,35.53333,136.88333,"(35.53333, 136.88333)"
Girgenti,10917,L6,18000,1853,37.31667,13.56667,"(37.31667, 13.56667)"
Git-Git,10919,L6,480,1947,9.6,9.91667,"(9.6, 9.91667)"
Glanerbrug,10923,L/LL5,670,1990,52.2,6.86667,"(52.2, 6.86667)"
Glanggang,10924,H5-6,1303,1939,-7.25,107.7,"(-7.25, 107.7)"
Glasatovo,10926,H4,152000,1918,57.35,37.61667,"(57.35, 37.61667)"
Glatton,10930,L6,767,1991,52.45972,-0.3,"(52.45972, -0.3)"
Gnadenfrei,10936,H5,1750,1879,50.66667,16.76667,"(50.66667, 16.76667)"
Gopalpur,10948,H6,1600,1865,24.23333,89.05,"(24.23333, 89.05)"
Gorlovka,10949,H3.7,3618,1974,48.28333,38.08333,"(48.28333, 38.08333)"
Granes,10956,L6,9000,1964,42.9,2.25,"(42.9, 2.25)"
Grefsheim,11196,L5,45.5,1976,60.66667,11,"(60.66667, 11.0)"
Grimsby,50911,H5,215,2009,43.2,-79.61667,"(43.2, -79.61667)"
Grosnaja,11206,CV3,3500,1861,43.66667,45.38333,"(43.66667, 45.38333)"
Gross-Divina,11207,H5,10500,1837,49.26667,18.71667,"(49.26667, 18.71667)"
Grossliebenthal,11208,L6,8000,1881,46.35,30.58333,"(46.35, 30.58333)"
Grüneberg,11426,H4,1000,1841,51.93333,15.5,"(51.93333, 15.5)"
Grzempach,11429,H5,690,1910,52.86667,16.63333,"(52.86667, 16.63333)"
Gualeguaychú,11432,H6,22000,1932,-33,-58.61667,"(-33.0, -58.61667)"
Guangmingshan,11435,H5,2910,1996,39.80417,122.76389,"(39.80417, 122.76389)"
Guangnan,11436,L6,,1983,24.1,105,"(24.1, 105.0)"
Guangrao,11437,L6,1900,1980,37.1,118.4,"(37.1, 118.4)"
Guareña,11439,H6,39000,1892,38.73333,-6.01667,"(38.73333, -6.01667)"
Guêa,11440,Stone-uncl,1915,1891,43.76667,20.23333,"(43.76667, 20.23333)"
Guibga,11442,L5,288,1972,13.5,-0.68333,"(13.5, -0.68333)"
Guidder,11443,LL5,968,1949,9.91667,13.98333,"(9.91667, 13.98333)"
Gujargaon,11448,H5,2449,1982,22.98333,76.05,"(22.98333, 76.05)"
Gujba,11449,CBa,100000,1984,11.49167,11.65833,"(11.49167, 11.65833)"
Gumoschnik,11450,H5,5700,1904,42.9,24.7,"(42.9, 24.7)"
Gurram Konda,11464,L6,28,1814,13.78333,78.56667,"(13.78333, 78.56667)"
Gursum,11465,H4/5,34650,1981,9.36667,42.41667,"(9.36667, 42.41667)"
Gütersloh,11466,H3/4,1000,1851,51.91667,8.38333,"(51.91667, 8.38333)"
Gyokukei,11467,OC,1320,1930,35,127.5,"(35.0, 127.5)"
Hachi-oji,11468,H?,0.2,1817,35.65,139.33333,"(35.65, 139.33333)"
Hainaut,11472,H3-6,9000,1934,50.31667,3.73333,"(50.31667, 3.73333)"
Hallingeberg,11479,L3.4,1456,1944,57.81667,16.23333,"(57.81667, 16.23333)"
Hamlet,11485,LL4,3710,1959,41.38333,-86.6,"(41.38333, -86.6)"
Haraiya,11824,Eucrite-mmict,1000,1878,26.8,82.53333,"(26.8, 82.53333)"
Haripura,11829,CM2,315,1921,28.38333,75.78333,"(28.38333, 75.78333)"
Harleton,11830,L6,8360,1961,32.675,-94.51167,"(32.675, -94.51167)"
Harrison County,11842,L6,680,1859,38.25,-86.16667,"(38.25, -86.16667)"
Hashima,11848,H4,1110.6,1910,35.2945,136.70033,"(35.2945, 136.70033)"
Hassi-Jekna,11852,"Iron, IAB-sHL",1250,1890,28.95,0.81667,"(28.95, 0.81667)"
Hatford,11855,Stone-uncl,29000,1628,51.65,-1.51667,"(51.65, -1.51667)"
Haverö,11859,Ureilite,1544,1971,60.24556,22.06194,"(60.24556, 22.06194)"
Hedeskoga,11869,H5,3500,1922,55.46667,13.78333,"(55.46667, 13.78333)"
Hedjaz,11870,L3.7-6,6100,1910,27.33333,35.66667,"(27.33333, 35.66667)"
Heredia,11875,H5,1000,1857,10,-84.1,"(10.0, -84.1)"
Hessle,11878,H5,20000,1869,59.85,17.66667,"(59.85, 17.66667)"
Higashi-koen,11883,H5,750,1897,33.6,130.43333,"(33.6, 130.43333)"
High Possil,11884,L6,4500,1804,55.9,-4.23333,"(55.9, -4.23333)"
Hiroshima,11889,H5,414,2003,34.45,132.38333,"(34.45, 132.38333)"
Hoima,44714,H6,167.7,2003,1.345,31.47278,"(1.345, 31.47278)"
Hökmark,11893,L4,305.5,1954,64.43333,21.2,"(64.43333, 21.2)"
Holbrook,11894,L/LL6,220000,1912,34.9,-110.18333,"(34.9, -110.18333)"
Holetta,11895,Stone-uncl,1415,1923,9.06667,38.41667,"(9.06667, 38.41667)"
Homestead,11901,L5,230000,1875,41.8,-91.86667,"(41.8, -91.86667)"
Honolulu,11904,L5,2420,1825,21.3,-157.86667,"(21.3, -157.86667)"
Hotse,11913,L6,180,1956,35.66667,115.5,"(35.66667, 115.5)"
Hoxie,11915,OC,266.1,1963,39.35,-100.45,"(39.35, -100.45)"
Hraschina,11916,"Iron, IID",49000,1751,46.1,16.33333,"(46.1, 16.33333)"
Huaxi,54719,H5,1600,2010,26.46469,106.63241,"(26.46469, 106.63241)"
Hungen,11986,H6,112,1877,50.3,8.91667,"(50.3, 8.91667)"
Hvittis,11989,EL6,14000,1901,61.18333,22.68333,"(61.18333, 22.68333)"
Ibbenbüren,11992,Diogenite,2000,1870,52.28333,7.7,"(52.28333, 7.7)"
Ibitira,11993,Eucrite-mmict,2500,1957,-20,-45,"(-20.0, -45.0)"
Ibrisim,11994,OC,,1949,38,35,"(38.0, 35.0)"
Ichkala,11995,H6,3973,1936,58.2,82.93333,"(58.2, 82.93333)"
Idutywa,12000,H5,3457,1956,-32.1,28.33333,"(-32.1, 28.33333)"
Iguaracu,12003,H5,1200,1977,-23.2,-51.83333,"(-23.2, -51.83333)"
Ijopega,12004,H6,7330,1975,-6.03333,145.36667,"(-6.03333, 145.36667)"
Indarch,12027,EH4,27000,1891,39.75,46.66667,"(39.75, 46.66667)"
Independence,12028,L6,880,1917,39.08333,-94.4,"(39.08333, -94.4)"
Inner Mongolia,12037,L6,3000,1963,41,112,"(41.0, 112.0)"
Innisfree,12039,L5,4576,1977,53.415,-111.3375,"(53.415, -111.3375)"
Ipiranga,12043,H6,7000,1972,-25.5,-54.5,"(-25.5, -54.5)"
Ishinga,12049,H,1300,1954,-8.93333,33.8,"(-8.93333, 33.8)"
Isthilart,12053,H5,3050,1928,-31.18333,-57.95,"(-31.18333, -57.95)"
Itapicuru-Mirim,12056,H5,2024,1879,-3.4,-44.33333,"(-3.4, -44.33333)"
Itqiy,12058,EH7-an,4720,1990,26.59083,-12.95217,"(26.59083, -12.95217)"
Ivuna,12063,CI1,704.5,1938,-8.41667,32.43333,"(-8.41667, 32.43333)"
Jackalsfontein,12065,L6,48000,1903,-32.5,21.9,"(-32.5, 21.9)"
Jajh deh Kot Lalu,12067,EL6,973,1926,26.75,68.41667,"(26.75, 68.41667)"
Jalanash,12068,Ureilite,700,1990,,,
Jalandhar,12069,Iron,1967,1621,31,75,"(31.0, 75.0)"
Jamkheir,12072,H6,22,1866,18.75,75.33333,"(18.75, 75.33333)"
Jartai,12074,L6,20500,1979,39.7,105.8,"(39.7, 105.8)"
Jelica,12078,LL6,34000,1889,43.83333,20.44167,"(43.83333, 20.44167)"
Jemlapur,12079,L6,450,1901,,,
Jesenice,51589,L6,3667,2009,46.42137,14.05217,"(46.42137, 14.05217)"
Jhung,12085,L5,5900,1873,31.3,72.38333,"(31.3, 72.38333)"
Jiange,12086,H5,222,1964,31.91667,104.91667,"(31.91667, 104.91667)"
Jianshi,12087,"Iron, IIIAB",600000,1890,30.80833,109.5,"(30.80833, 109.5)"
Jilin,12171,H5,4000000,1976,44.05,126.16667,"(44.05, 126.16667)"
Jodiya,47362,L5,100,2006,22.68,70.31333,"(22.68, 70.31333)"
Jodzie,12173,Howardite,30,1877,55.7,24.4,"(55.7, 24.4)"
Johnstown,12198,Diogenite,40300,1924,40.35,-104.9,"(40.35, -104.9)"
Jolomba,12199,LL6,483,1974,-11.85,15.83333,"(-11.85, 15.83333)"
Jonzac,12202,Eucrite-mmict,5000,1819,45.43333,-0.45,"(45.43333, -0.45)"
Juancheng,12203,H5,100000,1997,35.5,115.41667,"(35.5, 115.41667)"
Judesegeri,12207,H6,680,1876,12.85,76.8,"(12.85, 76.8)"
Jumapalo,12209,L6,32490,1984,-7.71667,111.2,"(-7.71667, 111.2)"
Junan,12210,L6,950,1976,35.2,118.8,"(35.2, 118.8)"
Juromenha,12213,"Iron, IIIAB",25250,1968,38.74028,-7.27,"(38.74028, -7.27)"
Juvinas,12214,Eucrite-mmict,91000,1821,44.71667,4.3,"(44.71667, 4.3)"
Kaba,12218,CV3,3000,1857,47.35,21.3,"(47.35, 21.3)"
Kabo,12220,H4,13400,1971,11.85,8.21667,"(11.85, 8.21667)"
Kadonah,12221,H6,89,1822,27.08333,78.33333,"(27.08333, 78.33333)"
Kaee,12222,H5,230,1838,27.25,79.96667,"(27.25, 79.96667)"
Kagarlyk,12227,L6,1900,1908,49.86667,30.83333,"(49.86667, 30.83333)"
Kaidun,12228,CR2,2000,1980,15,48.3,"(15.0, 48.3)"
Kainsaz,12229,CO3.2,200000,1937,55.43333,53.25,"(55.43333, 53.25)"
Kakangari,12230,K3,350,1890,12.38333,78.51667,"(12.38333, 78.51667)"
Kakowa,12231,L6,577,1858,45.13333,21.66667,"(45.13333, 21.66667)"
Kalaba,12232,H4,950,1951,-6.83333,29.5,"(-6.83333, 29.5)"
Kalumbi,12236,L6,4500,1879,17.83333,73.98333,"(17.83333, 73.98333)"
Kamalpur,12238,L6,2770,1942,26.03333,81.46667,"(26.03333, 81.46667)"
Kamiomi,12240,H5,448,1913,36.04167,139.95667,"(36.04167, 139.95667)"
Kamsagar,12241,L6,1293,1902,14.18333,75.8,"(14.18333, 75.8)"
Kandahar (Afghanistan),12243,L6,299,1959,31.6,65.78333,"(31.6, 65.78333)"
Kangean,12245,H5,1630,1908,-7,115.5,"(-7.0, 115.5)"
Kangra Valley,12246,H5,400,1897,32.08333,76.3,"(32.08333, 76.3)"
Kapoeta,12251,Howardite,11355,1942,4.7,33.63333,"(4.7, 33.63333)"
Kaprada,47357,L5/6,1600,2004,20.33916,73.22329,"(20.33916, 73.22329)"
Kaptal-Aryk,12253,L6,3500,1937,42.45,73.36667,"(42.45, 73.36667)"
Karakol,12256,LL6,3000,1840,47.21667,81.01667,"(47.21667, 81.01667)"
Karatu,12258,LL6,2220,1963,-3.5,35.58333,"(-3.5, 35.58333)"
Karewar,12260,L6,180,1949,12.9,7.15,"(12.9, 7.15)"
Karkh,12262,L6,22000,1905,27.8,67.16667,"(27.8, 67.16667)"
Karloowala,12263,L6,2950,1955,31.58333,71.6,"(31.58333, 71.6)"
Karoonda,12264,CK4,41730,1930,-35.08333,139.91667,"(-35.08333, 139.91667)"
Kasamatsu,12266,H,710,1938,35.36667,136.76667,"(35.36667, 136.76667)"
Kasauli,30740,H4,16820,2003,29.58333,77.58333,"(29.58333, 77.58333)"
Katagum,35465,L6,1500,1999,11.33333,10.08333,"(11.33333, 10.08333)"
Kavarpura,47351,"Iron, IIE-an",6800,2006,25.14333,75.81333,"(25.14333, 75.81333)"
Kayakent,12268,"Iron, IIIAB",85000,1961,39.26333,31.78,"(39.26333, 31.78)"
Kediri,12270,L4,3300,1940,-7.75,112.01667,"(-7.75, 112.01667)"
Kemer,53654,L4,5760,2008,36.54194,29.41822,"(36.54194, 29.41822)"
Kendleton,12275,L4,6937,1939,29.45,-96,"(29.45, -96.0)"
Kendrapara,12276,H4-5,6669.2,2003,20.4625,86.70278,"(20.4625, 86.70278)"
Kerilis,12282,H5,5000,1874,48.4,-3.3,"(48.4, -3.3)"
Kernouve,12284,H6,80000,1869,48.11667,-3.08333,"(48.11667, -3.08333)"
Kesen,12286,H4,135000,1850,38.98333,141.61667,"(38.98333, 141.61667)"
Khairpur,12288,EL6,13600,1873,29.53333,72.3,"(29.53333, 72.3)"
Khanpur,12289,LL5,3698,1932,25.55,83.11667,"(25.55, 83.11667)"
Kharkov,12291,L6,1500,1787,50.625,35.075,"(50.625, 35.075)"
Kheragur,12294,L6,450,1860,26.95,77.88333,"(26.95, 77.88333)"
Khetri,12296,H6,100,1867,28.01667,75.81667,"(28.01667, 75.81667)"
Khmelevka,12297,L5,6109,1929,56.75,75.33333,"(56.75, 75.33333)"
Khohar,12298,L3.6,9700,1910,25.1,81.53333,"(25.1, 81.53333)"
Khor Temiki,12299,Aubrite,3200,1932,16,36,"(16.0, 36.0)"
Kidairat,12300,H6,100000,1983,14,28,"(14.0, 28.0)"
Kiel,12301,L6,737.6,1962,54.4,10.15,"(54.4, 10.15)"
Kiffa,12303,H5,1500,1970,16.58333,-11.33333,"(16.58333, -11.33333)"
Kijima (1906),12305,Stone-uncl,331,1906,36.85,138.38333,"(36.85, 138.38333)"
Kikino,12306,H6,195,1809,55,34,"(55.0, 34.0)"
Kilabo,12307,LL6,19000,2002,12.76667,9.8,"(12.76667, 9.8)"
Kilbourn,12308,H5,772,1911,43.58333,-89.6,"(43.58333, -89.6)"
Killeter,12309,H6,140,1844,54.66667,-7.66667,"(54.66667, -7.66667)"
Kingai,12316,H6,67.4,1967,11.63333,24.68333,"(11.63333, 24.68333)"
Kirbyville,12321,Eucrite-mmict,97.7,1906,30.75,-95.95,"(30.75, -95.95)"
Kisvarsány,12325,L6,1550,1914,48.16667,22.30833,"(48.16667, 22.30833)"
Kitchener,12326,L6,202.6,1998,43.38333,-80.38333,"(43.38333, -80.38333)"
Klein-Wenden,12332,H6,3250,1843,51.6,10.8,"(51.6, 10.8)"
Knyahinya,12335,L/LL5,500000,1866,48.9,22.4,"(48.9, 22.4)"
Kobe,12336,CK4,136,1999,34.73333,135.16667,"(34.73333, 135.16667)"
Kokubunji,12342,L6,11510,1986,34.3,133.95,"(34.3, 133.95)"
Komagome,12343,Iron,238,1926,35.73333,139.75,"(35.73333, 139.75)"
Konovo,12344,LL5,90,1931,42.51667,26.16667,"(42.51667, 26.16667)"
Košice,53810,H5,4300,2010,48.76367,21.17633,"(48.76367, 21.17633)"
Krähenberg,12353,LL5,16500,1869,49.32694,7.46472,"(49.32694, 7.46472)"
Krasnoi-Ugol,12355,L6,2440,1829,54.03333,40.9,"(54.03333, 40.9)"
Krasnyi Klyuch,12357,H5,4000,1946,54.33333,56.08333,"(54.33333, 56.08333)"
Krutikha,12363,OC,845.2,1906,56.8,77,"(56.8, 77.0)"
Krymka,12364,LL3.2,50000,1946,47.83333,30.76667,"(47.83333, 30.76667)"
Kukschin,12368,L6,2250,1938,51.15,31.7,"(51.15, 31.7)"
Kulak,12369,L5,453.6,1961,30.73111,66.80222,"(30.73111, 66.80222)"
Kuleschovka,12370,L6,6000,1811,50.75,33.5,"(50.75, 33.5)"
Kulp,12373,H6,3719,1906,41.11667,45,"(41.11667, 45.0)"
Kunashak,12377,L6,200000,1949,55.78333,61.36667,"(55.78333, 61.36667)"
Kunya-Urgench,12379,H5,1100000,1998,42.25,59.2,"(42.25, 59.2)"
Kushiike,12381,OC,4460,1920,37.05,138.38333,"(37.05, 138.38333)"
Kusiali,12382,L6,5,1860,29.68333,78.38333,"(29.68333, 78.38333)"
Kutais,12383,H5,23,1977,44.51667,39.3,"(44.51667, 39.3)"
Kuttippuram,12384,L6,45000,1914,10.83333,76.03333,"(10.83333, 76.03333)"
Kuznetzovo,12385,L6,4047,1932,55.2,75.33333,"(55.2, 75.33333)"
Kyushu,12390,L6,45000,1886,32.03333,130.63333,"(32.03333, 130.63333)"
La Bécasse,12392,L6,2800,1879,47.08333,1.75,"(47.08333, 1.75)"
La Charca,12394,OC,399,1878,20.66667,-101.28333,"(20.66667, -101.28333)"
La Colina,12395,H5,2000,1924,-37.33333,-61.53333,"(-37.33333, -61.53333)"
La Criolla,12396,L6,45000,1985,-31.23333,-58.16667,"(-31.23333, -58.16667)"
Laborel,12408,H5,3833,1871,44.28333,5.58333,"(44.28333, 5.58333)"
Lahrauli,12433,Ureilite,900,1955,26.78333,82.71667,"(26.78333, 82.71667)"
L'Aigle,12434,L6,37000,1803,48.76667,0.63333,"(48.76667, 0.63333)"
Cumulus Hills 04075,32531,Pallasite,9.6,2003,,,
Lakangaon,12435,Eucrite-mmict,212.5,1910,21.86667,76.03333,"(21.86667, 76.03333)"
Lalitpur,12451,L6,372,1887,24.45,78.56667,"(24.45, 78.56667)"
Lancé,12455,CO3.5,51700,1872,47.7,1.06667,"(47.7, 1.06667)"
Lancon,12456,H6,7000,1897,43.75,5.11667,"(43.75, 5.11667)"
Långhalsen,12461,L6,2300,1947,58.85,16.73333,"(58.85, 16.73333)"
Lanxi,12464,L6,1282,1986,46.24167,126.19611,"(46.24167, 126.19611)"
Lanzenkirchen,12465,L4,7000,1925,47.75,16.23333,"(47.75, 16.23333)"
Laochenzhen,12466,H5,14250,1987,33.13333,115.16667,"(33.13333, 115.16667)"
Launton,12740,L6,1060,1830,51.9,-1.11667,"(51.9, -1.11667)"
Lavrentievka,12743,L6,800,1938,52.45,51.56667,"(52.45, 51.56667)"
Le Pressoir,12748,H5,3000,1845,47.16667,0.43333,"(47.16667, 0.43333)"
Le Teilleul,12749,Howardite,780,1845,48.53333,-0.86667,"(48.53333, -0.86667)"
Leedey,12755,L6,51500,1943,35.88333,-99.33333,"(35.88333, -99.33333)"
Leeuwfontein,12756,L6,460,1912,-25.66667,28.36667,"(-25.66667, 28.36667)"
Leighlinbridge,12759,L6,271.4,1999,52.66667,-6.96667,"(52.66667, -6.96667)"
Leighton,12760,H5,877,1907,34.58333,-87.5,"(34.58333, -87.5)"
Leonovka,12765,L6,700,1900,52.26667,32.85,"(52.26667, 32.85)"
Les Ormes,12769,L6,125,1857,48.35,3.25,"(48.35, 3.25)"
Lesves,12772,L6,2000,1896,50.36667,4.73333,"(50.36667, 4.73333)"
Lichtenberg,14646,H6,4000,1973,-26.15,26.18333,"(-26.15, 26.18333)"
Lillaverke,14650,H5,6862,1930,56.65,15.86667,"(56.65, 15.86667)"
Limerick,14652,H5,50000,1813,52.56667,-8.78333,"(52.56667, -8.78333)"
Linum,14655,L6,1862,1854,52.75,12.9,"(52.75, 12.9)"
Lishui,14659,L5,498,1978,31.63333,118.98333,"(31.63333, 118.98333)"
Lissa,14661,L6,12800,1808,50.2,14.85,"(50.2, 14.85)"
Little Piney,14664,L5,491,1839,37.91667,-92.08333,"(37.91667, -92.08333)"
Lixna,14670,H4,5213,1820,56,26.43333,"(56.0, 26.43333)"
Lodran,14675,Lodranite,1000,1868,29.53333,71.8,"(29.53333, 71.8)"
Lohawat,14678,Howardite,40000,1994,26.96556,72.62667,"(26.96556, 72.62667)"
Lorton,52843,L6,329.7,2010,38.70066,-77.21163,"(38.70066, -77.21163)"
Los Martinez,14708,L6,25,1894,38,-0.83333,"(38.0, -0.83333)"
Lost City,14711,H5,17000,1970,36.00833,-95.15,"(36.00833, -95.15)"
Louisville,14716,L6,1300,1977,38.25,-85.75,"(38.25, -85.75)"
Łowicz,14718,Mesosiderite-A3,59000,1935,52,19.91667,"(52.0, 19.91667)"
Lua,14721,L5,9241,1926,24.95,75.15,"(24.95, 75.15)"
Lucé,14724,L6,3500,1768,47.85,0.48333,"(47.85, 0.48333)"
Lumpkin,14753,L6,340,1869,32.03333,-84.76667,"(32.03333, -84.76667)"
Lunan,14754,H6,2520,1980,24.8,103.3,"(24.8, 103.3)"
Lundsgård,14755,L6,11000,1889,56.21667,13.03333,"(56.21667, 13.03333)"
Luotolax,14756,Howardite,885,1813,61.2,27.7,"(61.2, 27.7)"
Luponnas,14757,H3-5,14000,1753,46.21667,5,"(46.21667, 5.0)"
Lusaka,14759,Unknown,,1951,-7.21667,29.43333,"(-7.21667, 29.43333)"
Mabwe-Khoywa,14764,L5,540,1937,19,97,"(19.0, 97.0)"
Macau,15370,H5,1500,1836,-5.2,-36.66667,"(-5.2, -36.66667)"
Machinga,15371,L6,93200,1981,-15.21222,35.24222,"(-15.21222, 35.24222)"
Macibini,15372,Eucrite-pmict,1995,1936,-28.83333,31.95,"(-28.83333, 31.95)"
Madhipura,15379,L,1000,1950,25.91667,86.36667,"(25.91667, 86.36667)"
Madiun,15380,L6,400,1935,-7.75,111.53333,"(-7.75, 111.53333)"
Madrid,15382,L6,400,1896,40.41667,-3.71667,"(40.41667, -3.71667)"
Mafra,15383,L3-4,600,1941,-26.16667,-49.93333,"(-26.16667, -49.93333)"
Magnesia,15386,"Iron, IAB-sHL",5000,1899,37.86667,27.51667,"(37.86667, 27.51667)"
Magombedze,15387,H3-5,666.6,1990,-19.48333,31.65,"(-19.48333, 31.65)"
Mahadevpur,47361,H4/5,70500,2007,27.66667,95.78333,"(27.66667, 95.78333)"
Maigatari-Danduma,30751,H5/6,4629,2004,12.83333,9.38333,"(12.83333, 9.38333)"
Malaga,15393,OC,150,1933,32.21667,-104,"(32.21667, -104.0)"
Malakal,15394,L5,2000,1970,9.5,31.75,"(9.5, 31.75)"
Malampaka,15395,H,470,1930,-3.13333,33.51667,"(-3.13333, 33.51667)"
Malotas,15397,H5,,1931,-28.93333,-63.23333,"(-28.93333, -63.23333)"
Malvern,15400,Eucrite-pmict,807,1933,-29.45,26.76667,"(-29.45, 26.76667)"
Mamra Springs,15401,L6,1000,1927,45.21667,62.08333,"(45.21667, 62.08333)"
Manbhoom,15402,LL6,1700,1863,23.05,86.7,"(23.05, 86.7)"
Manegaon,15403,Diogenite,50,1843,20.96667,76.1,"(20.96667, 76.1)"
Mangwendi,15405,LL6,22300,1934,-17.65,31.6,"(-17.65, 31.6)"
Manych,15409,LL3.4,3555,1951,45.81667,44.63333,"(45.81667, 44.63333)"
Mardan,15414,H5,4500,1948,34.23333,72.08333,"(34.23333, 72.08333)"
Maria Linden,15418,L4,114,1925,,,
Mariaville,15419,Iron,340,1898,42.71667,-99.38333,"(42.71667, -99.38333)"
Maribo,48973,CM2,25.81,2009,54.76183,11.46745,"(54.76183, 11.46745)"
Maridi,15421,H6,3200,1941,4.66667,29.25,"(4.66667, 29.25)"
Marilia,15422,H4,2500,1971,-22.25,-49.93333,"(-22.25, -49.93333)"
Marion (Iowa),15424,L6,28400,1847,41.9,-91.6,"(41.9, -91.6)"
Marjalahti,15426,"Pallasite, PMG",45000,1902,61.5,30.5,"(61.5, 30.5)"
Marmande,15429,L5,3000,1848,44.5,0.15,"(44.5, 0.15)"
Maromandia,15430,L6,6000,2002,-14.2,48.1,"(-14.2, 48.1)"
Maryville,15436,L6,1443,1983,35.8,-84.1,"(35.8, -84.1)"
Mascombes,15438,L6,1000,1836,45.36667,1.86667,"(45.36667, 1.86667)"
Mason Gully,53653,H5,24.54,2010,0,0,"(0.0, 0.0)"
Mässing,15443,Howardite,1600,1803,48.13333,12.61667,"(48.13333, 12.61667)"
Mauerkirchen,15446,L6,19000,1768,48.18333,13.13333,"(48.18333, 13.13333)"
Mauritius,15447,L6,220,1801,-20,57,"(-20.0, 57.0)"
Mayo Belwa,15451,Aubrite,4850,1974,8.96667,12.08333,"(8.96667, 12.08333)"
Mazapil,15453,"Iron, IAB-sLL",4000,1885,24.68333,-101.68333,"(24.68333, -101.68333)"
Maziba,15454,L6,4975,1942,-1.21667,30,"(-1.21667, 30.0)"
Mbale,15455,L5/6,150000,1992,1.06667,34.16667,"(1.06667, 34.16667)"
Medanitos,15467,Eucrite-cm,31,1953,-27.25,-67.5,"(-27.25, -67.5)"
Meerut,15469,H5,22,1861,29.01667,77.8,"(29.01667, 77.8)"
Meester-Cornelis,15470,H5,24750,1915,-6.23333,106.88333,"(-6.23333, 106.88333)"
Menow,15485,H4,10500,1862,53.18333,13.15,"(53.18333, 13.15)"
Menziswyl,15486,L5,28.9,1903,46.81867,7.21817,"(46.81867, 7.21817)"
Mern,15489,L6,4000,1878,55.05,12.06667,"(55.05, 12.06667)"
Meru,15491,LL6,6000,1945,0,37.66667,"(0.0, 37.66667)"
Merua,15492,H5,71400,1920,25.48333,81.98333,"(25.48333, 81.98333)"
Messina,15495,L5,2405,1955,38.18333,15.56667,"(38.18333, 15.56667)"
Meuselbach,16626,L6,870,1897,50.58333,11.1,"(50.58333, 11.1)"
Mezel,16627,L6,1300,1949,45.76667,3.25,"(45.76667, 3.25)"
Mezö-Madaras,16628,L3.7,22700,1852,46.5,25.73333,"(46.5, 25.73333)"
Mhow,16629,L6,350,1827,25.9,83.61667,"(25.9, 83.61667)"
Mianchi,16631,H5,1100,1980,34.8,111.7,"(34.8, 111.7)"
Middlesbrough,16632,L6,1600,1881,54.56667,-1.16667,"(54.56667, -1.16667)"
Mifflin,52090,L5,3584,2010,42.9075,-90.36556,"(42.9075, -90.36556)"
Mighei,16634,CM2,8000,1889,48.06667,30.96667,"(48.06667, 30.96667)"
Mihonoseki,16635,L6,6380,1992,35.56833,133.22,"(35.56833, 133.22)"
Mike,16636,L6,224.2,1944,46.23333,17.53333,"(46.23333, 17.53333)"
Milena,16640,L6,10000,1842,46.18333,16.1,"(46.18333, 16.1)"
Millbillillie,16643,Eucrite-mmict,330000,1960,-26.45,120.36667,"(-26.45, 120.36667)"
Miller (Arkansas),16645,H5,16700,1930,35.4,-92.05,"(35.4, -92.05)"
Minamino,16692,L,1040,1632,35.07833,136.93333,"(35.07833, 136.93333)"
Mineo,16696,Pallasite,42,1826,37.28333,14.7,"(37.28333, 14.7)"
Min-Fan-Zhun,16697,LL6,5500,1952,32.33333,120.66667,"(32.33333, 120.66667)"
Minnichhof,16700,OC,550,1905,47.7,16.6,"(47.7, 16.6)"
Mirzapur,16701,L5,8510,1910,25.68333,83.25,"(25.68333, 83.25)"
Misshof,16703,H5,5800,1890,56.66667,23,"(56.66667, 23.0)"
Mjelleim,16707,H,100.7,1898,61.73333,5.93333,"(61.73333, 5.93333)"
Mocs,16709,L5-6,300000,1882,46.8,24.03333,"(46.8, 24.03333)"
Modoc (1905),16711,L6,35000,1905,38.5,-101.1,"(38.5, -101.1)"
Mokoia,16713,CV3,4500,1908,-39.63333,174.4,"(-39.63333, 174.4)"
Molina,16715,H5,144000,1858,38.11667,-1.16667,"(38.11667, -1.16667)"
Molteno,16717,Howardite,150,1953,-31.25,26.46667,"(-31.25, 26.46667)"
Monahans (1998),16719,H5,2587,1998,31.60833,-102.85833,"(31.60833, -102.85833)"
Monroe,16720,H4,8600,1849,35.25,-80.5,"(35.25, -80.5)"
Monte das Fortes,16725,L5,4885,1950,38.01667,-8.25,"(38.01667, -8.25)"
Monte Milone,16726,L5,3130,1846,43.26667,13.35,"(43.26667, 13.35)"
Montferré,16727,H5,149000,1923,43.39056,1.9625,"(43.39056, 1.9625)"
Montlivault,16729,L6,500,1838,47.63333,1.58333,"(47.63333, 1.58333)"
Monze,16733,L6,,1950,-15.96667,27.35,"(-15.96667, 27.35)"
Moore County,16736,Eucrite-cm,1880,1913,35.41667,-79.38333,"(35.41667, -79.38333)"
Mooresfort,16737,H5,3520,1810,52.45,-8.33333,"(52.45, -8.33333)"
Moorleah,16738,L6,8887.5,1930,-40.975,145.6,"(-40.975, 145.6)"
Moradabad,16740,L6,70,1808,28.78333,78.83333,"(28.78333, 78.83333)"
Morávka,16742,H5,633,2000,49.6,18.53333,"(49.6, 18.53333)"
Mornans,16747,H5,1300,1875,44.6,5.13333,"(44.6, 5.13333)"
Moss,36592,CO3.6,3763,2006,59.43333,10.7,"(59.43333, 10.7)"
Moti-ka-nagla,16759,H6,1500,1868,26.83333,77.33333,"(26.83333, 77.33333)"
Motta di Conti,16762,H4,9150,1868,45.2,8.5,"(45.2, 8.5)"
Mount Browne,16766,H6,11300,1902,-29.8,141.7,"(-29.8, 141.7)"
Mount Tazerzait,16804,L5,110000,1991,18.7,4.8,"(18.7, 4.8)"
Mount Vaisi,16805,Stone-uncl,17000,1637,44.08333,6.86667,"(44.08333, 6.86667)"
Mtola,16820,Stone-uncl,1100,1944,-11.5,33.5,"(-11.5, 33.5)"
Muddoor,16841,L5,4400,1865,12.63333,77.01667,"(12.63333, 77.01667)"
Mulletiwu,16851,L,25.5,1795,9.33333,80.83333,"(9.33333, 80.83333)"
Muraid,16874,L6,4703,1924,24.5,90.21667,"(24.5, 90.21667)"
Murchison,16875,CM2,100000,1969,-36.61667,145.2,"(-36.61667, 145.2)"
Murray,16882,CM2,12600,1950,36.6,-88.1,"(36.6, -88.1)"
Muzaffarpur,16885,"Iron, IAB-sHL",1245,1964,26.13333,85.53333,"(26.13333, 85.53333)"
Myhee Caunta,16887,OC,,1842,23.05,72.63333,"(23.05, 72.63333)"
Nadiabondi,16889,H5,8165,1956,12,1,"(12.0, 1.0)"
Nagai,16890,L6,1810,1922,38.12167,140.06167,"(38.12167, 140.06167)"
Nagaria,16892,Eucrite-cm,20,1875,26.98333,78.21667,"(26.98333, 78.21667)"
Nagy-Borové,16893,L5,6100,1895,49.16667,19.5,"(49.16667, 19.5)"
Nakhla,16898,Martian (nakhlite),10000,1911,31.31667,30.35,"(31.31667, 30.35)"
Nakhon Pathom,16899,L6,23200,1923,13.73333,100.08333,"(13.73333, 100.08333)"
Nammianthal,16902,H5,4500,1886,12.28333,79.2,"(12.28333, 79.2)"
Nan Yang Pao,16903,L6,52900,1917,35.66667,103.5,"(35.66667, 103.5)"
Nanjemoy,16904,H6,7500,1825,38.41667,-77.16667,"(38.41667, -77.16667)"
Nantong,16907,H6,529,1984,32.11667,121.8,"(32.11667, 121.8)"
Naoki,16908,H6,17000,1928,19.25,77,"(19.25, 77.0)"
Naragh,16909,H6,2700,1974,33.75,51.5,"(33.75, 51.5)"
Narellan,16912,L6,367.5,1928,-34.05,150.68889,"(-34.05, 150.68889)"
Narni,16914,Stone-uncl,,920,42.51667,12.51667,"(42.51667, 12.51667)"
Nassirah,16922,H4,347,1936,-21.73333,165.9,"(-21.73333, 165.9)"
Natal,16923,Stone-uncl,1.4,1973,,,
Nawapali,16927,CM2,105,1890,21.25,83.66667,"(21.25, 83.66667)"
Neagari,16934,L6,420,1995,36.44917,136.46528,"(36.44917, 136.46528)"
Nedagolla,16935,"Iron, ungrouped",4500,1870,18.68333,83.48333,"(18.68333, 83.48333)"
Nejo,16941,L6,2450,1970,9.5,35.33333,"(9.5, 35.33333)"
Nerft,16945,L6,10250,1864,56.5,21.5,"(56.5, 21.5)"
Neuschwanstein,16950,EL6,6189,2002,47.525,10.80833,"(47.525, 10.80833)"
New Concord,16953,L6,230000,1860,40,-81.76667,"(40.0, -81.76667)"
New Halfa,16954,L4,12000,1994,15.36667,35.68333,"(15.36667, 35.68333)"
New Orleans,16960,H5,19256,2003,29.94718,-90.10976,"(29.94718, -90.10976)"
Ngawi,16966,LL3.6,1393,1883,-7.45,111.41667,"(-7.45, 111.41667)"
N'Goureyma,16968,"Iron, ungrouped",37500,1900,13.85,-4.38333,"(13.85, -4.38333)"
Nicorps,16970,Stone-uncl,,1750,49.03333,-1.43333,"(49.03333, -1.43333)"
Niger (L6),16974,L6,3.3,1967,,,
Niger (LL6),16975,LL6,3.3,1967,,,
Nikolaevka,16976,H4,3996,1935,52.45,78.63333,"(52.45, 78.63333)"
Nikolskoe,16977,L4,6000,1954,56.11667,37.33333,"(56.11667, 37.33333)"
Ningbo,16980,"Iron, IVA",14250,1975,29.86667,121.48333,"(29.86667, 121.48333)"
Ningqiang,16981,C3-ung,4610,1983,32.925,105.90667,"(32.925, 105.90667)"
Nio,16982,H3-4,467,1897,34.2,131.56667,"(34.2, 131.56667)"
N'Kandhla,16983,"Iron, IID",17200,1912,-28.56667,30.7,"(-28.56667, 30.7)"
Nobleborough,16984,Eucrite-pmict,2300,1823,44.08333,-69.48333,"(44.08333, -69.48333)"
Noblesville,16985,H4-6,483.7,1991,40.08528,-86.055,"(40.08528, -86.055)"
Nogata,16988,L6,472,860,33.725,130.75,"(33.725, 130.75)"
Nogoya,16989,CM2,4000,1879,-32.36667,-59.83333,"(-32.36667, -59.83333)"
Norfork,16994,"Iron, IIIAB",1050,1918,36.21667,-92.26667,"(36.21667, -92.26667)"
Norton County,17922,Aubrite,1100000,1948,39.68333,-99.86667,"(39.68333, -99.86667)"
Noventa Vicentina,17930,H4,177,1971,45.29167,11.52722,"(45.29167, 11.52722)"
Novo-Urei,17933,Ureilite,1900,1886,54.81667,46,"(54.81667, 46.0)"
Novy-Ergi,17934,Stone-uncl,,1662,58.55,31.33333,"(58.55, 31.33333)"
Novy-Projekt,17935,OC,1001,1908,56,22,"(56.0, 22.0)"
Noyan-Bogdo,17936,L6,250,1933,42.91667,102.46667,"(42.91667, 102.46667)"
Nuevo Mercurio,17938,H5,50000,1978,24.3,-102.13333,"(24.3, -102.13333)"
Nulles,17959,H6,5000,1851,41.63333,0.75,"(41.63333, 0.75)"
Numakai,17960,H4,363,1925,43.33333,141.86667,"(43.33333, 141.86667)"
Nyaung,17969,"Iron, IIIAB",737.6,1939,21.20833,94.91667,"(21.20833, 94.91667)"
Nyirábrany,17970,LL5,1100,1914,47.55,22.025,"(47.55, 22.025)"
Ochansk,17979,H4,500000,1887,57.78333,55.26667,"(57.78333, 55.26667)"
Oesede,17988,H5,1400,1927,52.28333,8.05,"(52.28333, 8.05)"
Oesel,17989,L6,6000,1855,58.5,23,"(58.5, 23.0)"
Ofehértó,17990,L6,3750,1900,47.88333,22.03333,"(47.88333, 22.03333)"
Ogi,17994,H6,14360,1741,33.28333,130.2,"(33.28333, 130.2)"
Ohaba,17995,H5,16250,1857,46.06667,23.58333,"(46.06667, 23.58333)"
Ohuma,17996,L5,7700,1963,6.75,8.5,"(6.75, 8.5)"
Ojuelos Altos,17997,L6,5850,1926,38.18333,-5.4,"(38.18333, -5.4)"
Okabe,17998,H5,194,1958,36.18333,139.21667,"(36.18333, 139.21667)"
Okano,18000,"Iron, IIAB",4742,1904,35.08333,135.2,"(35.08333, 135.2)"
Okniny,18002,LL6,12000,1834,50.83333,25.5,"(50.83333, 25.5)"
Oldenburg (1930),18009,L6,16570,1930,52.95,8.16667,"(52.95, 8.16667)"
Oliva-Gandia,18012,Stone-uncl,,1519,39,-0.03333,"(39.0, -0.03333)"
Olivenza,18013,LL5,150000,1924,38.71667,-7.06667,"(38.71667, -7.06667)"
Olmedilla de Alarcón,18015,H5,40000,1929,39.56667,-2.1,"(39.56667, -2.1)"
Omolon,18019,"Pallasite, PMG",250000,1981,64.02,161.80833,"(64.02, 161.80833)"
Orgueil,18026,CI1,14000,1864,43.88333,1.38333,"(43.88333, 1.38333)"
Orlando,34489,Eucrite,180,2004,28.5475,-81.36222,"(28.5475, -81.36222)"
Ornans,18030,CO3.4,6000,1868,47.11667,6.15,"(47.11667, 6.15)"
Ortenau,18033,Stone-uncl,4500,1671,48.5,8,"(48.5, 8.0)"
Orvinio,18034,H6,3400,1872,42.13333,12.93333,"(42.13333, 12.93333)"
Oterøy,18042,L6,246,1928,58.88333,9.4,"(58.88333, 9.4)"
Otomi,18045,H,6510,1867,38.4,140.35,"(38.4, 140.35)"
Ottawa,18046,LL6,840,1896,38.6,-95.21667,"(38.6, -95.21667)"
Ouadangou,56729,L5,4440,2003,12.9,0.08,"(12.9, 0.08)"
Oued el Hadjar,18050,LL6,1215.5,1986,30.18,-6.57717,"(30.18, -6.57717)"
Oum Dreyga,31282,H3-5,17000,2003,24.3,-13.1,"(24.3, -13.1)"
Ourique,18052,H4,20000,1998,37.60833,-8.28,"(37.60833, -8.28)"
Ovambo,18055,L6,121.5,1900,-18,16,"(-18.0, 16.0)"
Oviedo,18058,H5,205,1856,43.4,-5.86667,"(43.4, -5.86667)"
Owrucz,18062,OC,,1775,51.33333,28.83333,"(51.33333, 28.83333)"
Pacula,18068,L6,3400,1881,21.05,-99.3,"(21.05, -99.3)"
Padvarninkai,18069,Eucrite-mmict,3858,1929,55.66667,25,"(55.66667, 25.0)"
Paitan,18072,H6,515,1910,17.74333,120.45583,"(17.74333, 120.45583)"
Palahatchie,18073,OC,,1910,32.31667,-89.71667,"(32.31667, -89.71667)"
Palca de Aparzo,18074,L5,1430,1988,-23.11667,-65.1,"(-23.11667, -65.1)"
Palinshih,18077,Iron,18000,1914,43.48333,118.61667,"(43.48333, 118.61667)"
Palmyra,18079,L3,135,1926,39.8,-91.5,"(39.8, -91.5)"
Palolo Valley,18082,H5,682,1949,21.3,-157.78333,"(21.3, -157.78333)"
Dominion Range 03239,32591,L6,69.5,2002,,,
Pampanga,18093,L5,10500,1859,15.08333,120.7,"(15.08333, 120.7)"
Pantar,18098,H5,2130,1938,8.06667,124.28333,"(8.06667, 124.28333)"
Paragould,18101,LL5,408000,1930,36.06667,-90.5,"(36.06667, -90.5)"
Parambu,18102,LL5,2000,1967,-6.23333,-40.7,"(-6.23333, -40.7)"
Paranaiba,18103,L6,100000,1956,-19.13333,-51.66667,"(-19.13333, -51.66667)"
Park Forest,18106,L5,18000,2003,41.48472,-87.67917,"(41.48472, -87.67917)"
Parnallee,18108,LL3.6,77600,1857,9.23333,78.35,"(9.23333, 78.35)"
Parsa,18109,EH3,800,1942,26.2,85.4,"(26.2, 85.4)"
Pasamonte,18110,Eucrite-pmict,5100,1933,36.21667,-103.4,"(36.21667, -103.4)"
Patora,18112,H6,4375,1969,20.93694,82.05,"(20.93694, 82.05)"
Patrimonio,18116,L6,2121,1950,-19.53333,-48.56667,"(-19.53333, -48.56667)"
Patti,18118,Iron,12,1922,38.13333,14.96667,"(38.13333, 14.96667)"
Patwar,18171,Mesosiderite-A1,37350,1935,23.15,91.18333,"(23.15, 91.18333)"
Pavel,18173,H5,2968,1966,43.46667,25.51667,"(43.46667, 25.51667)"
Pavlodar (stone),18175,H5,142.5,1938,52.3,77.03333,"(52.3, 77.03333)"
Pavlograd,18176,L6,40000,1826,48.53333,35.98333,"(48.53333, 35.98333)"
Pavlovka,18177,Howardite,2000,1882,52.03333,43,"(52.03333, 43.0)"
Pê,18179,L6,,1989,11.33367,-3.54217,"(11.33367, -3.54217)"
Peace River,18180,L6,45760,1963,56.13333,-117.93333,"(56.13333, -117.93333)"
Peckelsheim,18181,Diogenite-pm,117.8,1953,51.66667,9.25,"(51.66667, 9.25)"
Peekskill,18782,H6,12570,1992,41.28333,-73.91667,"(41.28333, -73.91667)"
Peña Blanca Spring,18786,Aubrite,70000,1946,30.125,-103.11667,"(30.125, -103.11667)"
Peramiho,18792,Eucrite-mmict,165,1899,-10.66667,35.5,"(-10.66667, 35.5)"
Perpeti,18793,L6,23474,1935,23.325,91,"(23.325, 91.0)"
Perth,18797,LL5,2,1830,56.4,-3.43333,"(56.4, -3.43333)"
Pervomaisky,18798,L6,66000,1933,56.63333,39.43333,"(56.63333, 39.43333)"
Pesyanoe,18799,Aubrite,3393,1933,55.5,66.08333,"(55.5, 66.08333)"
Pétèlkolé,18800,H5,189,1995,14.052,0.42,"(14.052, 0.42)"
Petersburg,18801,Eucrite-pmict,1800,1855,35.3,-86.63333,"(35.3, -86.63333)"
Pettiswood,18804,Stone-uncl,,1779,53.53333,-7.33333,"(53.53333, -7.33333)"
Phillips County (stone),18808,L6,57900,1901,40,-99.25,"(40.0, -99.25)"
Phu Hong,18809,H4,500,1887,11.25,108.58333,"(11.25, 108.58333)"
Phum Sambo,18811,H4,7800,1933,12,105.48333,"(12.0, 105.48333)"
Phuoc-Binh,18812,L5,11000,1941,15.71667,108.1,"(15.71667, 108.1)"
Piancaldoli,18813,LL3.4,13.1,1968,44.24417,11.50222,"(44.24417, 11.50222)"
Picote,18816,Stone-uncl,,1843,41.36667,-6.23333,"(41.36667, -6.23333)"
Pillistfer,18822,EL6,23250,1863,58.66667,25.73333,"(58.66667, 25.73333)"
Piplia Kalan,18831,Eucrite-mmict,42000,1996,26.03472,73.94167,"(26.03472, 73.94167)"
Piquetberg,18832,H,37,1881,-32.86667,18.71667,"(-32.86667, 18.71667)"
Pirgunje,18834,L6,842,1882,25.8,88.45,"(25.8, 88.45)"
Pirthalla,18835,H6,1161,1884,29.58333,76,"(29.58333, 76.0)"
Pitts,18837,"Iron, IAB-ung",3760,1921,31.95,-83.51667,"(31.95, -83.51667)"
Plantersville,18846,H6,2085,1930,30.7,-96.11667,"(30.7, -96.11667)"
Pleşcoi,51706,L5-6,6913,2008,45.275,26.70972,"(45.275, 26.70972)"
Ploschkovitz,18849,L5,39,1723,50.53333,14.11667,"(50.53333, 14.11667)"
Pnompehn,18851,L6,96,1868,11.58333,104.91667,"(11.58333, 104.91667)"
Dominion Range 03240,32592,LL5,290.9,2002,,,
Pohlitz,18853,L5,3000,1819,50.93333,12.13333,"(50.93333, 12.13333)"
Pokhra,18858,H5,350,1866,26.71667,82.66667,"(26.71667, 82.66667)"
Pollen,18860,CM2,253.6,1942,66.34833,14.015,"(66.34833, 14.015)"
Pontlyfni,18865,Winonaite,157,1931,53.03639,-4.31944,"(53.03639, -4.31944)"
Portales Valley,18874,H6,71400,1998,34.175,-103.295,"(34.175, -103.295)"
Portugal,18876,Stone-uncl,4500,1796,38.5,-8,"(38.5, -8.0)"
Po-wang Chen,18879,LL,665,1933,31.41667,118.5,"(31.41667, 118.5)"
Prambachkirchen,18883,L6,2125,1932,48.3025,13.94083,"(48.3025, 13.94083)"
Pribram,18887,H5,5555,1959,49.66667,14.03333,"(49.66667, 14.03333)"
Pricetown,18888,L6,900,1893,39.11667,-83.85,"(39.11667, -83.85)"
Puerto Lápice,45984,Eucrite-br,500,2007,39.35,-3.51667,"(39.35, -3.51667)"
Pulsora,18899,H5,560,1863,23.36667,75.18333,"(23.36667, 75.18333)"
Pultusk,18901,H5,250000,1868,52.76667,21.26667,"(52.76667, 21.26667)"
Punganaru,18902,Stone-uncl,100,1811,13.33333,78.95,"(13.33333, 78.95)"
Putinga,18905,L6,300000,1937,-29.03333,-53.05,"(-29.03333, -53.05)"
Qidong,18907,L/LL5,1275,1982,32.08333,121.5,"(32.08333, 121.5)"
Qingzhen,18908,EH3,2600,1976,26.53333,106.46667,"(26.53333, 106.46667)"
Queen's Mercy,22357,H6,7000,1925,-30.11667,28.7,"(-30.11667, 28.7)"
Quenggouk,22358,H4,6045,1857,17.76667,95.18333,"(17.76667, 95.18333)"
Quesa,22360,"Iron, IAB-ung",10750,1898,39,-0.66667,"(39.0, -0.66667)"
Quija,22361,H,17450,1990,44.61667,126.13333,"(44.61667, 126.13333)"
Quincay,22363,L6,65,1851,46.6,0.25,"(46.6, 0.25)"
Raco,22368,H5,5000,1957,-26.66667,-65.45,"(-26.66667, -65.45)"
Raghunathpura,22371,"Iron, IIAB",10200,1986,27.72528,76.465,"(27.72528, 76.465)"
Rahimyar Khan,31302,L5,67225,1983,28.225,70.2,"(28.225, 70.2)"
Rakovka,22376,L6,9000,1878,52.98333,37.03333,"(52.98333, 37.03333)"
Ramnagar,22384,L6,3766,1940,26.45,82.9,"(26.45, 82.9)"
Rampurhat,22385,LL,100,1916,24.16667,87.76667,"(24.16667, 87.76667)"
Ramsdorf,22386,L6,4682,1958,51.88333,6.93333,"(51.88333, 6.93333)"
Ranchapur,22387,H4,290.4,1917,23.98333,87.08333,"(23.98333, 87.08333)"
Rancho de la Presa,22390,H5,300,1899,19.86667,-100.81667,"(19.86667, -100.81667)"
Rangala,22392,L6,3224.5,1937,25.38333,72.01667,"(25.38333, 72.01667)"
Raoyang,22394,L6,4910,1919,38.2,115.7,"(38.2, 115.7)"
Ras Tanura,22395,H6,6.1,1961,26.66667,50.15,"(26.66667, 50.15)"
Rasgrad,22396,Stone-uncl,24700,1740,43.5,26.53333,"(43.5, 26.53333)"
Ratyn,22398,Stone-uncl,910,1880,52.2,17.98333,"(52.2, 17.98333)"
Red Canyon Lake,53502,H5,18.41,2007,38.13742,-119.75812,"(38.13742, -119.75812)"
Reliegos,22584,L5,17300,1947,42.475,-5.33333,"(42.475, -5.33333)"
Rembang,22585,"Iron, IVA",10000,1919,-6.73333,111.36667,"(-6.73333, 111.36667)"
Renazzo,22586,CR2,1000,1824,44.76667,11.28333,"(44.76667, 11.28333)"
Renca,22587,L5,300,1925,-32.75,-65.28333,"(-32.75, -65.28333)"
Renqiu,22589,L6,355,1916,38.66667,116.13333,"(38.66667, 116.13333)"
Repeev Khutor,22590,"Iron, IIF",7000,1933,48.6,45.66667,"(48.6, 45.66667)"
Revelstoke,22592,CI1,1,1965,51.33333,-118.95,"(51.33333, -118.95)"
Rewari,22593,L6,3332,1929,28.2,76.66667,"(28.2, 76.66667)"
Rich Mountain,22597,L6,668,1903,35.03333,-83.03333,"(35.03333, -83.03333)"
Uzcudun,24140,L,20000,1948,-44.11667,-66.15,"(-44.11667, -66.15)"
Richardton,22599,H5,90000,1918,46.88333,-102.31667,"(46.88333, -102.31667)"
Richland Springs,22602,OC,1900,1980,31.25,-99.03333,"(31.25, -99.03333)"
Richmond,22603,LL5,1800,1828,37.46667,-77.5,"(37.46667, -77.5)"
Rio Negro,22611,L4,1310,1934,-26.1,-49.8,"(-26.1, -49.8)"
Rivolta de Bassi,22614,Stone-uncl,103.3,1490,45.48333,9.51667,"(45.48333, 9.51667)"
Rochester,22637,H6,340,1876,41.08333,-86.28333,"(41.08333, -86.28333)"
Rockhampton,22640,Stone-uncl,1641,1895,-23.38333,150.51667,"(-23.38333, 150.51667)"
Roda,22641,Diogenite,400,1871,42.3,0.55,"(42.3, 0.55)"
Rodach,22642,Stone-uncl,2900,1775,50.35,10.8,"(50.35, 10.8)"
Rose City,22766,H5,10600,1921,44.51667,-83.95,"(44.51667, -83.95)"
Rowton,22773,"Iron, IIIAB",3500,1876,52.76667,-2.51667,"(52.76667, -2.51667)"
Ruhobobo,22780,L6,465.5,1976,-1.45,29.83333,"(-1.45, 29.83333)"
Rumuruti,22782,R3.8-6,67,1934,0.26667,36.53333,"(0.26667, 36.53333)"
Rupota,22783,L4-6,6000,1949,-10.26667,38.76667,"(-10.26667, 38.76667)"
Ryechki,22791,L5,13000,1914,51.13333,34.5,"(51.13333, 34.5)"
Sabetmahet,22792,H5,1250,1855,27.43333,82.08333,"(27.43333, 82.08333)"
Sabrum,22793,LL6,478,1999,23.08333,91.66667,"(23.08333, 91.66667)"
Sagan,22796,Stone-uncl,,1636,51.53333,14.88333,"(51.53333, 14.88333)"
Saint-Sauveur,23101,EH5,14000,1914,43.73333,1.38333,"(43.73333, 1.38333)"
Saint-Séverin,23102,LL6,271000,1966,45.3,0.23333,"(45.3, 0.23333)"
Sakauchi,23103,Iron,4180,1913,35.66667,136.3,"(35.66667, 136.3)"
Salem,23107,L6,61.4,1981,44.97917,-122.96944,"(44.97917, -122.96944)"
Salles,23111,L5,9000,1798,46.05,4.63333,"(46.05, 4.63333)"
Salzwedel,23114,LL5,43,1985,52.75,11.05,"(52.75, 11.05)"
Samelia,23115,"Iron, IIIAB",2462,1921,25.66667,74.86667,"(25.66667, 74.86667)"
San Juan Capistrano,23128,H6,56,1973,33.48472,-117.6625,"(33.48472, -117.6625)"
San Michele,31315,L6,237,2002,43.66667,13,"(43.66667, 13.0)"
San Pedro de Quiles,23130,L6,282,1956,-31.01667,-71.4,"(-31.01667, -71.4)"
San Pedro Jacuaro,34063,LL6,460,1968,19.76667,-100.65,"(19.76667, -100.65)"
Santa Barbara,23161,L4,400,1873,-29.2,-51.86667,"(-29.2, -51.86667)"
Santa Cruz,23164,CM2,60,1939,24.16667,-99.33333,"(24.16667, -99.33333)"
Santa Isabel,23165,L6,5500,1924,-33.9,-61.7,"(-33.9, -61.7)"
Santa Lucia (2008),50909,L6,4000,2008,-31.535556,-68.489444,"(-31.535556, -68.489444)"
São Jose do Rio Preto,23171,H4,927,1962,-20.81,-49.38056,"(-20.81, -49.38056)"
Saratov,23176,L4,200000,1918,52.55,46.55,"(52.55, 46.55)"
Sasagase,23187,H,695,1688,34.71667,137.78333,"(34.71667, 137.78333)"
Sauguis,23188,L6,4000,1868,43.15,-0.85,"(43.15, -0.85)"
Savtschenskoje,23190,LL4,2500,1894,47.21667,29.86667,"(47.21667, 29.86667)"
Sayama,23192,CM2,430,1986,35.86667,139.4,"(35.86667, 139.4)"
Sazovice,23455,L5,412,1934,49.23333,17.56667,"(49.23333, 17.56667)"
Schellin,23457,L,7000,1715,53.35,15.05,"(53.35, 15.05)"
Schenectady,23458,H5,283.3,1968,42.86083,-73.95028,"(42.86083, -73.95028)"
Schönenberg,23460,L6,8000,1846,48.11667,10.46667,"(48.11667, 10.46667)"
Searsmont,23472,H5,5400,1871,44.36667,-69.2,"(44.36667, -69.2)"
Sediköy,23473,L6,240,1917,38.3,27.13333,"(38.3, 27.13333)"
Segowlie,23476,LL6,6930,1853,26.75,84.78333,"(26.75, 84.78333)"
Selakopi,23481,H5,1590,1939,-7.23333,107.33333,"(-7.23333, 107.33333)"
Seldebourak,23483,H5,150,1947,22.83333,4.98333,"(22.83333, 4.98333)"
Semarkona,23487,LL3.00,691,1940,22.25,79,"(22.25, 79.0)"
Sena,23495,H4,4000,1773,41.71667,-0.05,"(41.71667, -0.05)"
Senboku,23496,H6,866,1993,39.43833,140.51167,"(39.43833, 140.51167)"
Seoni,23500,H6,20000,1966,21.68389,79.50083,"(21.68389, 79.50083)"
Seres,23501,H4,8500,1818,41.05,23.56667,"(41.05, 23.56667)"
Serra de Magé,23502,Eucrite-cm,1800,1923,-8.38333,-36.76667,"(-8.38333, -36.76667)"
Sete Lagoas,23504,H4,350,1908,-19.46667,-44.21667,"(-19.46667, -44.21667)"
Sevilla,23508,LL4,180,1862,37.41667,-6,"(37.41667, -6.0)"
Sevrukovo,23509,L5,101000,1874,50.61667,36.6,"(50.61667, 36.6)"
Sfax,23512,L6,7000,1989,34.75,10.71667,"(34.75, 10.71667)"
Shalka,23521,Diogenite,4000,1850,23.1,87.3,"(23.1, 87.3)"
Sharps,23525,H3.4,1265,1921,37.83333,-76.7,"(37.83333, -76.7)"
Shelburne,23529,L5,18600,1904,44.05,-80.16667,"(44.05, -80.16667)"
Shergotty,23530,Martian (shergottite),5000,1865,24.55,84.83333,"(24.55, 84.83333)"
Sheyang,23531,L6,605,1976,33.65,120.06667,"(33.65, 120.06667)"
Shikarpur,23534,L6,3679.7,1921,25.85,87.5775,"(25.85, 87.5775)"
Shuangyang,23582,H5,3900,1971,43.5,125.66667,"(43.5, 125.66667)"
Shupiyan,23583,H6,5000,1912,33.71667,74.83333,"(33.71667, 74.83333)"
Shytal,23584,L6,3200,1863,24.33333,90.16667,"(24.33333, 90.16667)"
Siena,23586,LL5,3700,1794,43.11667,11.6,"(43.11667, 11.6)"
Sikhote-Alin,23593,"Iron, IIAB",23000000,1947,46.16,134.65333,"(46.16, 134.65333)"
Silao,23594,H5,1710,1995,20.93333,-101.38333,"(20.93333, -101.38333)"
Silistra,55584,Achondrite-ung,0.15,1917,44.11667,27.26667,"(44.11667, 27.26667)"
Simmern,23603,H5,1222,1920,49.98333,7.53333,"(49.98333, 7.53333)"
Sinai,23606,L6,1455,1916,30.9,32.48333,"(30.9, 32.48333)"
Sindhri,23611,H5,8400,1901,26.21667,69.55,"(26.21667, 69.55)"
Sinnai,23613,H6,2000,1956,39.3,9.2,"(39.3, 9.2)"
Sioux County,23614,Eucrite-mmict,4100,1933,42.58333,-103.66667,"(42.58333, -103.66667)"
Sitathali,23616,H5,1600,1875,20.91667,82.58333,"(20.91667, 82.58333)"
Sivas,23617,H6,40000,1989,39.82467,36.13583,"(39.82467, 36.13583)"
Sixiangkou,23619,L5,630,1989,32.43333,119.86667,"(32.43333, 119.86667)"
Ski,23621,L6,850,1848,59.73333,10.86667,"(59.73333, 10.86667)"
Slavetic,23626,H5,1708,1868,45.68333,15.6,"(45.68333, 15.6)"
Slobodka,23645,L4,2750,1818,55,35,"(55.0, 35.0)"
Soheria,23660,OC,72.9,1960,27.13333,84.06667,"(27.13333, 84.06667)"
Soko-Banja,23661,LL4,80000,1877,43.66667,21.86667,"(43.66667, 21.86667)"
Sologne,23663,H5,54,1860,47.36667,1.73333,"(47.36667, 1.73333)"
Sołtmany,53829,L6,1066,2011,54.00883,22.005,"(54.00883, 22.005)"
Sone,23667,H5,17100,1866,35.16667,135.33333,"(35.16667, 135.33333)"
Songyuan,23668,L6,36900,1993,45.25,125,"(45.25, 125.0)"
Sopot,23670,OC,958,1927,44.41667,23.5,"(44.41667, 23.5)"
Soroti,23671,"Iron, ungrouped",2050,1945,1.7,33.63333,"(1.7, 33.63333)"
St. Caprais-de-Quinsac,23081,L6,360,1883,44.75,0.05,"(44.75, 0.05)"
St. Christophe-la-Chartreuse,23082,L6,5500,1841,46.95,-1.5,"(46.95, -1.5)"
St. Denis Westrem,23083,L6,700,1855,51.05,3.75,"(51.05, 3.75)"
St. Germain-du-Pinel,23087,H6,4000,1890,48.01667,-1.15,"(48.01667, -1.15)"
St. Louis,23089,H4,1000,1950,38.7,-90.23333,"(38.7, -90.23333)"
St. Mark's,23090,EH5,13780,1903,-32.01667,27.41667,"(-32.01667, 27.41667)"
St. Mary's County,23091,LL3.3,24.3,1919,38.16667,-76.38333,"(38.16667, -76.38333)"
St. Mesmin,23092,LL6,8300,1866,48.45,3.93333,"(48.45, 3.93333)"
St. Michel,23093,L6,17000,1910,61.65,27.2,"(61.65, 27.2)"
St.-Chinian,23097,L6,134.3,1959,43.43333,2.95,"(43.43333, 2.95)"
Ställdalen,23712,H5,34000,1876,59.93333,14.95,"(59.93333, 14.95)"
Stannern,23713,Eucrite-mmict,52000,1808,49.28333,15.56667,"(49.28333, 15.56667)"
Stavropol,23717,L6,1500,1857,45.05,41.98333,"(45.05, 41.98333)"
Ste. Marguerite,23099,H4,4960,1962,50.76667,3,"(50.76667, 3.0)"
Sterlitamak,23724,"Iron, IIIAB",325000,1990,53.66667,55.98333,"(53.66667, 55.98333)"
Stolzenau,23726,Stone-uncl,,1647,52.53333,9.05,"(52.53333, 9.05)"
Stratford,23728,L6,50,1974,41.2,-73.13333,"(41.2, -73.13333)"
Strathmore,23729,L6,13400,1917,56.58333,-3.25,"(56.58333, -3.25)"
Stretchleigh,23732,Stone-uncl,10400,1623,50.38333,-3.95,"(50.38333, -3.95)"
St-Robert,23733,H5,25400,1994,45.96861,-72.97806,"(45.96861, -72.97806)"
Success,23736,L6,3500,1924,36.48333,-90.66667,"(36.48333, -90.66667)"
Suchy Dul,23737,L6,815.3,1969,50.53806,16.26333,"(50.53806, 16.26333)"
Suizhou,23738,L6,260000,1986,31.61667,113.46667,"(31.61667, 113.46667)"
Sulagiri,48951,LL6,110000,2008,12.66667,78.03333,"(12.66667, 78.03333)"
Sultanpur,23741,L/LL6,1710.5,1916,25.93333,84.28333,"(25.93333, 84.28333)"
Sungach,23745,H5,637,1935,44.86667,133.16667,"(44.86667, 133.16667)"
Supuhee,23760,H6,7235,1865,26.71667,84.21667,"(26.71667, 84.21667)"
Sutter's Mill,55529,C,992.5,2012,38.80389,-120.90806,"(38.80389, -120.90806)"
Sylacauga,23773,H4,5560,1954,33.18836,-86.2945,"(33.18836, -86.2945)"
Tabor,23776,H5,7540,1753,49.4,14.65,"(49.4, 14.65)"
Tadjera,23778,L5,9000,1867,36.18333,5.41667,"(36.18333, 5.41667)"
Tagish Lake,23782,C2-ung,10000,2000,59.70444,-134.20139,"(59.70444, -134.20139)"
Tahara,23784,H4/5,1000,1991,34.72,137.305,"(34.72, 137.305)"
Takenouchi,23789,H5,720,1880,35.38333,134.9,"(35.38333, 134.9)"
Talampaya,23791,Eucrite-cm,1421,1995,,,
Tambakwatu,23795,L6,10500,1975,-7.75,112.76667,"(-7.75, 112.76667)"
Tamdakht,48691,H5,100000,2008,31.16333,-7.015,"(31.16333, -7.015)"
Tané,23801,L5,905,1918,35.43333,136.23333,"(35.43333, 136.23333)"
Taonan,23873,L5,3850,1965,45.4,122.9,"(45.4, 122.9)"
Tatahouine,23884,Diogenite,12000,1931,32.95,10.41667,"(32.95, 10.41667)"
Tathlith,23885,L6,2500,1967,19.38333,43.73333,"(19.38333, 43.73333)"
Tauk,23887,L6,6000,1929,35.13333,44.45,"(35.13333, 44.45)"
Tauti,23888,L6,21000,1937,46.71667,23.5,"(46.71667, 23.5)"
Tenham,23897,L6,160000,1879,-25.73333,142.95,"(-25.73333, 142.95)"
Tennasilm,23898,L4,28500,1872,58.03333,26.95,"(58.03333, 26.95)"
Thal,23908,H6,342,1950,33.4,70.6,"(33.4, 70.6)"
Thika,54493,L6,14200,2011,-1.00278,37.15028,"(-1.00278, 37.15028)"
Thuathe,23976,H4/5,45300,2002,-29.33333,27.58333,"(-29.33333, 27.58333)"
Tianzhang,23984,H5,2232,1986,32.94667,118.99,"(32.94667, 118.99)"
Tieschitz,23989,H/L3.6,28000,1878,49.6,17.11667,"(49.6, 17.11667)"
Tilden,23998,L6,74800,1927,38.2,-89.68333,"(38.2, -89.68333)"
Tillaberi,23999,L6,3000,1970,14.25,1.53333,"(14.25, 1.53333)"
Timochin,24004,H5,65500,1807,54.5,35.2,"(54.5, 35.2)"
Tirupati,24009,H6,230,1934,13.63333,79.41667,"(13.63333, 79.41667)"
Tissint,54823,Martian (shergottite),7000,2011,29.48195,-7.61123,"(29.48195, -7.61123)"
Tjabe,24011,H6,20000,1869,-7.08333,111.53333,"(-7.08333, 111.53333)"
Tjerebon,24012,L5,16500,1922,-6.66667,106.58333,"(-6.66667, 106.58333)"
Tomakovka,24019,LL6,600,1905,47.85,34.76667,"(47.85, 34.76667)"
Tomatlan,24020,H6,900,1879,20.16667,-105.21667,"(20.16667, -105.21667)"
Tomita,24023,L,600,1916,34.5,133.75,"(34.5, 133.75)"
Tomiya,24024,H4/5,27.5,1984,38.36667,140.86556,"(38.36667, 140.86556)"
Tonk,24026,CI1,7.7,1911,24.65,76.86667,"(24.65, 76.86667)"
Torino,24029,H6,977,1988,45.06667,7.66667,"(45.06667, 7.66667)"
Torrington,24032,H6,259.1,1944,42.06667,-104.16667,"(42.06667, -104.16667)"
Toulouse,24036,H6,1030,1812,43.6,1.4,"(43.6, 1.4)"
Tounkin,24037,OC,2000,1824,51.73333,102.53333,"(51.73333, 102.53333)"
Tourinnes-la-Grosse,24038,L6,14500,1863,50.78333,4.76667,"(50.78333, 4.76667)"
Trebbin,24042,LL6,1250,1988,52.21667,13.16667,"(52.21667, 13.16667)"
Trenzano,24046,H3/4,11800,1856,45.46667,10,"(45.46667, 10.0)"
Treysa,24050,"Iron, IIIAB-an",63000,1916,50.91667,9.18333,"(50.91667, 9.18333)"
Tromøy,24053,H,357.4,1950,58.47333,8.86667,"(58.47333, 8.86667)"
Troup,24054,L6,1020,1917,32.16667,-95.1,"(32.16667, -95.1)"
Trysil,24057,L/LL6,640,1927,61.3,12.3,"(61.3, 12.3)"
Tsukuba,24059,H5-6,800,1996,36.06333,140.145,"(36.06333, 140.145)"
Tuan Tuc,24060,L6,13100,1921,9.66667,105.66667,"(9.66667, 105.66667)"
Tugalin-Bulen,24062,H6,10000,1967,45.46667,105.38333,"(45.46667, 105.38333)"
Tulung Dzong,24071,Stone-uncl,,1944,30,90.75,"(30.0, 90.75)"
Turtle Lake,47343,L5,89.3,1996,45.34583,-92.05167,"(45.34583, -92.05167)"
Tuxtuac,24086,LL5,30000,1975,21.66667,-103.36667,"(21.66667, -103.36667)"
Tysnes Island,24094,H4,19860,1884,60,5.61667,"(60.0, 5.61667)"
Tyumen,24095,Iron,750,1903,57.16667,65.53333,"(57.16667, 65.53333)"
Uberaba,24096,H5,40000,1903,-19.81667,-48.78333,"(-19.81667, -48.78333)"
Ucera,24097,H5,4590,1970,11.05,-69.85,"(11.05, -69.85)"
Uchkuduk,24098,L6,1000,1989,41.76667,62.51667,"(41.76667, 62.51667)"
Udaipur,24099,H3,2000,1976,,,
Udei Station,24101,"Iron, IAB-ung",103000,1927,7.95,8.08333,"(7.95, 8.08333)"
Uden,24103,LL7,710,1840,51.65,5.61667,"(51.65, 5.61667)"
Udipi,24104,H5,3600,1866,13.48333,74.78333,"(13.48333, 74.78333)"
Ufana,24106,EL6,189.2,1957,-4.26667,35.35,"(-4.26667, 35.35)"
Ulmiz,24108,L,76.5,1926,46.93333,7.21667,"(46.93333, 7.21667)"
Umbala,24112,LL5,100,1822,30.33333,76.33333,"(30.33333, 76.33333)"
Umm Ruaba,24118,L5,1700,1966,13.46667,31.21667,"(13.46667, 31.21667)"
Undulung,24121,L4,113.4,1986,66.13889,124.76667,"(66.13889, 124.76667)"
Unkoku,24123,OC,1000,1924,34.8,127,"(34.8, 127.0)"
Urasaki,24129,Stone-uncl,1500,1926,34.48333,133.28333,"(34.48333, 133.28333)"
Usti Nad Orlici,24132,L6,1269,1963,49.975,16.375,"(49.975, 16.375)"
Utrecht,24135,L6,9700,1843,52.11667,5.18333,"(52.11667, 5.18333)"
Utzenstorf,24136,H5,3422,1928,47.11667,7.55,"(47.11667, 7.55)"
Vago,24143,H6,40,1668,45.41667,11.13333,"(45.41667, 11.13333)"
Valdavur,24144,H6,2799,1944,11.98333,79.75,"(11.98333, 79.75)"
Valdinizza,24145,L6,1004,1903,44.86667,9.15,"(44.86667, 9.15)"
Valdinoce,24146,Stone-uncl,,1495,44.06667,12.1,"(44.06667, 12.1)"
Valera,24149,L5,50000,1972,9.31667,-70.62833,"(9.31667, -70.62833)"
Varre-Sai,53633,L5,2500,2010,-20.85001,-41.73356,"(-20.85001, -41.73356)"
Vavilovka,24154,LL6,1932,1876,46.15,32.83333,"(46.15, 32.83333)"
Vengerovo,24158,H5,10800,1950,56.13333,77.26667,"(56.13333, 77.26667)"
Veramin,24162,Mesosiderite-B2,54000,1880,35.33333,51.63333,"(35.33333, 51.63333)"
Verkhne Tschirskaia,24165,H5,8000,1843,48.41667,43.2,"(48.41667, 43.2)"
Vernon County,24168,H6,1500,1865,43.5,-91.16667,"(43.5, -91.16667)"
Vetluga,24169,Eucrite-mmict,750,1949,57.8,45.8,"(57.8, 45.8)"
Vigarano,24174,CV3,15000,1910,44.85,11.4,"(44.85, 11.4)"
Villalbeto de la Peña,24179,L6,3500,2004,42.8,-4.66667,"(42.8, -4.66667)"
Villarrica,24181,Stone-uncl,,1925,-25.83333,-56.5,"(-25.83333, -56.5)"
Vilna,24183,L5,0.1,1967,54.225,-111.69167,"(54.225, -111.69167)"
Virba,24185,L6,3600,1873,43.53333,22.63333,"(43.53333, 22.63333)"
Vishnupur,24187,LL4-6,2437,1906,23.1,87.43333,"(23.1, 87.43333)"
Vissannapeta,24188,Eucrite-cm,1303.8,1997,16.83333,80.75,"(16.83333, 80.75)"
Visuni,24189,H6,594,1915,25.45,70,"(25.45, 70.0)"
Vouillé,24191,L6,20000,1831,46.63333,0.16667,"(46.63333, 0.16667)"
Walters,24210,L6,28100,1946,34.33333,-98.3,"(34.33333, -98.3)"
Warrenton,24215,CO3.7,1600,1877,38.68333,-91.15,"(38.68333, -91.15)"
Washougal,24218,Howardite,225,1939,45.58333,-122.35,"(45.58333, -122.35)"
Werdama,47344,H5,4000,2006,32.79732,21.78713,"(32.79732, 21.78713)"
Wessely,24244,H5,3750,1831,48.95,17.38333,"(48.95, 17.38333)"
Weston,24249,H4,150000,1807,41.266667,-73.266667,"(41.266667, -73.266667)"
Wethersfield (1971),24250,L6,350,1971,41.7,-72.65,"(41.7, -72.65)"
Wethersfield (1982),24251,L6,2756,1982,41.71056,-72.67361,"(41.71056, -72.67361)"
Whetstone Mountains,49514,H5,2138.74,2009,31.96185,-110.434183,"(31.96185, -110.434183)"
Wiluna,24281,H5,150000,1967,-26.59278,120.32833,"(-26.59278, 120.32833)"
Witklip Farm,24321,H5,22,1918,-26,30,"(-26.0, 30.0)"
Witsand Farm,24322,LL4,66,1932,-28.66667,18.91667,"(-28.66667, 18.91667)"
Wittekrantz,24323,L5,2200,1880,-32.5,23,"(-32.5, 23.0)"
Wolamo,24324,OC,166.4,1964,9,39,"(9.0, 39.0)"
Wold Cottage,24325,L6,25000,1795,54.13667,-0.41333,"(54.13667, -0.41333)"
Woolgorong,24334,L6,36000,1960,-27.75,115.83333,"(-27.75, 115.83333)"
Worden,24337,L5,1551,1997,42.38467,-83.6115,"(42.38467, -83.6115)"
Wuan,24340,H6,50000,1986,36.75,114.25,"(36.75, 114.25)"
Wuzhi,24342,Stone-uncl,,1931,35.13333,113.33333,"(35.13333, 113.33333)"
Xi Ujimgin,24345,L/LL6-an,5900,1980,44.66667,117.5,"(44.66667, 117.5)"
Xingyang,24346,H6,75500,1977,32.33333,114.31667,"(32.33333, 114.31667)"
Yafa,24351,H5,5700,2000,13.71111,45.17,"(13.71111, 45.17)"
Yambo,30345,H5,4,1951,1,22.5,"(1.0, 22.5)"
Yangchiang,30348,H5,20000,1954,21.83333,111.83333,"(21.83333, 111.83333)"
Yanzhuang,30350,H6,3500,1990,24.56667,114.16667,"(24.56667, 114.16667)"
Yardymly,30352,"Iron, IAB complex",150200,1959,38.93333,48.25,"(38.93333, 48.25)"
Yatoor,30358,H5,13600,1852,14.3,79.76667,"(14.3, 79.76667)"
Yonozu,30366,H4/5,31650,1837,37.75,139,"(37.75, 139.0)"
Yorktown (New York),30370,L5,250,1869,41.28333,-73.81667,"(41.28333, -73.81667)"
Yoshiki,30372,Stone-uncl,0.1,1928,34.16667,131.45,"(34.16667, 131.45)"
Yukan,30377,LL6,4800,1931,28.71667,116.61667,"(28.71667, 116.61667)"
Yurtuk,30378,Howardite,1472,1936,47.31667,35.36667,"(47.31667, 35.36667)"
Zaborzika,30379,L6,3867,1818,50.28333,27.68333,"(50.28333, 27.68333)"
Zabrodje,30380,L6,3000,1893,55.18333,27.91667,"(55.18333, 27.91667)"
Zag,30384,H3-6,175000,1998,27.33333,-9.33333,"(27.33333, -9.33333)"
Zagami,30386,Martian (shergottite),18000,1962,11.73333,7.08333,"(11.73333, 7.08333)"
Zaisan,30388,H5,463,1963,47.5,83,"(47.5, 83.0)"
Zaisho,30389,"Pallasite, PMG-an",330,1898,33.7,133.8,"(33.7, 133.8)"
Zaoyang,30391,H5,14250,1984,32.3,112.75,"(32.3, 112.75)"
Zavetnoe,30395,L6,800,1952,47.13333,43.9,"(47.13333, 43.9)"
Zavid,30396,L6,95000,1897,44.4,19.11667,"(44.4, 19.11667)"
Zebrak,30397,H5,2000,1824,49.88333,13.91667,"(49.88333, 13.91667)"
Zemaitkiemis,30399,L6,44100,1933,55.3,25,"(55.3, 25.0)"
Zhaodong,30404,L4,42000,1984,45.81667,125.91667,"(45.81667, 125.91667)"
Zhovtnevyi,30407,H6,107000,1938,47.58333,37.25,"(47.58333, 37.25)"
Zhuanghe,30408,H5,2900,1976,39.66667,122.98333,"(39.66667, 122.98333)"
Zmenj,30411,Howardite,246,1858,51.83333,26.83333,"(51.83333, 26.83333)"
Zomba,30412,L6,7500,1899,-15.18333,35.28333,"(-15.18333, 35.28333)"
Zsadany,30413,H5,552,1875,46.93333,21.5,"(46.93333, 21.5)"
Zvonkov,30415,H6,2568,1955,50.2,30.25,"(50.2, 30.25)"
Abajo,4,H5,331,1982,26.8,-105.41667,"(26.8, -105.41667)"
Abar al' Uj 001,51399,H3.8,194.34,2008,22.72192,48.95937,"(22.72192, 48.95937)"
Abbott,5,H3-6,21100,1951,36.3,-104.28333,"(36.3, -104.28333)"
Abernathy,7,L6,2914,1941,33.85,-101.8,"(33.85, -101.8)"
Abo,8,H,1.2,1840,60.43333,22.3,"(60.43333, 22.3)"
Abu Moharek,9,H4,4500,1997,27.23944,29.83583,"(27.23944, 29.83583)"
